date,time,heartRate
2026-09-01,06:45,98
2026-09-01,06:46,101
2026-09-01,06:47,101
2026-09-01,06:50,103
2026-09-01,06:55,106
2026-09-01,06:56,103
2026-09-01,06:57,100
2026-09-01,07:00,102
2026-09-01,07:05,95
2026-09-01,07:10,92
2026-09-01,07:15,85
2026-09-01,07:20,81
2026-09-01,07:25,86
2026-09-01,07:30,89
2026-09-01,07:35,94
2026-09-01,07:40,94
2026-09-01,07:45,91
2026-09-01,07:50,90
2026-09-01,07:55,93
2026-09-01,08:00,96
2026-09-01,08:05,93
2026-09-01,08:10,94
2026-09-01,08:15,89
2026-09-01,08:20,89
2026-09-01,08:25,83
2026-09-01,08:30,86
2026-09-01,08:35,91
2026-09-01,08:40,88
2026-09-01,08:45,85
2026-09-01,08:50,82
2026-09-01,08:53,91
2026-09-01,08:54,100
2026-09-01,08:55,100
2026-09-01,08:56,96
2026-09-01,09:00,96
2026-09-01,09:05,98
2026-09-01,09:10,98
2026-09-01,09:15,97
2026-09-01,09:20,94
2026-09-01,09:25,96
2026-09-01,09:29,101
2026-09-01,09:30,103
2026-09-01,09:35,100
2026-09-01,09:40,102
2026-09-01,09:45,102
2026-09-01,09:50,107
2026-09-01,09:55,105
2026-09-01,10:00,102
2026-09-01,10:02,101
2026-09-01,10:04,106
2026-09-01,10:05,106
2026-09-01,10:10,101
2026-09-01,10:15,97
2026-09-01,10:20,90
2026-09-01,10:25,87
2026-09-01,10:30,89
2026-09-01,10:35,95
2026-09-01,10:40,100
2026-09-01,10:45,105
2026-09-01,10:48,101
2026-09-01,10:50,94
2026-09-01,10:55,91
2026-09-01,11:00,92
2026-09-01,11:05,92
2026-09-01,11:10,91
2026-09-01,11:14,93
2026-09-01,11:15,100
2026-09-01,11:17,104
2026-09-01,11:20,104
2026-09-01,11:23,104
2026-09-01,11:24,109
2026-09-01,11:25,109
2026-09-01,11:26,106
2026-09-01,11:27,111
2026-09-01,11:28,113
2026-09-01,11:30,108
2026-09-01,11:35,98
2026-09-01,11:40,99
2026-09-01,11:43,102
2026-09-01,11:45,103
2026-09-01,11:50,102
2026-09-01,11:55,100
2026-09-01,11:57,109
2026-09-01,11:58,112
2026-09-01,11:59,109
2026-09-01,12:00,114
2026-09-01,12:01,111
2026-09-01,12:02,111
2026-09-01,12:05,108
2026-09-01,12:10,108
2026-09-01,12:15,102
2026-09-01,12:20,93
2026-09-01,12:25,100
2026-09-01,12:30,100
2026-09-01,12:35,102
2026-09-01,12:40,104
2026-09-01,12:45,104
2026-09-01,12:50,113
2026-09-01,12:51,124
2026-09-01,12:52,126
2026-09-01,12:53,122
2026-09-01,12:54,117
2026-09-01,12:55,117
2026-09-01,13:00,116
2026-09-01,13:05,112
2026-09-01,13:10,106
2026-09-01,13:15,99
2026-09-01,13:20,100
2026-09-01,13:22,102
2026-09-01,13:23,102
2026-09-01,13:25,100
2026-09-01,13:29,107
2026-09-01,13:30,110
2026-09-01,13:35,112
2026-09-01,13:40,112
2026-09-01,13:43,114
2026-09-01,13:44,119
2026-09-01,13:45,131
2026-09-01,13:46,131
2026-09-01,13:47,126
2026-09-01,13:48,126
2026-09-01,13:49,120
2026-09-01,13:50,112
2026-09-01,13:55,102
2026-09-01,14:00,99
2026-09-01,14:05,99
2026-09-01,14:10,99
2026-09-01,14:15,99
2026-09-01,14:20,94
2026-09-01,14:25,91
2026-09-01,14:27,88
2026-09-01,14:28,85
2026-09-01,14:29,84
2026-09-01,14:30,83
2026-09-01,14:31,80
2026-09-01,14:32,77
2026-09-01,14:33,82
2026-09-01,14:34,84
2026-09-01,14:35,85
2026-09-01,14:36,85
2026-09-01,14:37,90
2026-09-01,14:38,94
2026-09-01,14:39,96
2026-09-01,14:40,96
2026-09-01,14:41,91
2026-09-01,14:42,89
2026-09-01,14:43,81
2026-09-01,14:44,86
2026-09-01,14:45,82
2026-09-01,14:46,74
2026-09-01,14:47,79
2026-09-01,14:48,89
2026-09-01,14:49,91
2026-09-01,14:50,92
2026-09-01,14:51,91
2026-09-01,14:52,94
2026-09-01,14:53,95
2026-09-01,14:54,105
2026-09-01,14:55,120
2026-09-01,14:56,126
2026-09-01,14:57,122
2026-09-01,14:58,107
2026-09-01,14:59,103
2026-09-01,15:00,102
2026-09-01,15:01,100
2026-09-01,15:02,104
2026-09-01,15:05,105
2026-09-01,15:10,102
2026-09-01,15:15,102
2026-09-01,15:20,109
2026-09-01,15:25,106
2026-09-01,15:30,103
2026-09-01,15:35,100
2026-09-01,15:40,100
2026-09-01,15:45,100
2026-09-01,15:50,97
2026-09-01,15:55,95
2026-09-01,16:00,96
2026-09-01,16:05,98
2026-09-01,16:10,95
2026-09-01,16:15,92
2026-09-01,16:20,92
2026-09-01,16:25,98
2026-09-01,16:29,99
2026-09-01,16:30,96
2026-09-01,16:35,90
2026-09-01,16:40,87
2026-09-01,16:45,89
2026-09-01,16:50,89
2026-09-01,16:55,84
2026-09-01,17:00,89
2026-09-01,17:05,98
2026-09-01,17:10,103
2026-09-01,17:15,104
2026-09-01,17:20,101
2026-09-01,17:25,96
2026-09-01,17:30,96
2026-09-01,17:35,98
2026-09-01,17:40,99
2026-09-01,17:45,100
2026-09-01,17:50,102
2026-09-01,17:55,103
2026-09-01,17:56,105
2026-09-01,17:57,105
2026-09-01,18:00,105
2026-09-01,18:03,102
2026-09-01,18:04,98
2026-09-01,18:05,100
2026-09-01,18:06,100
2026-09-01,18:07,105
2026-09-01,18:08,108
2026-09-01,18:10,107
2026-09-01,18:15,100
2026-09-01,18:20,101
2026-09-01,18:25,109
2026-09-01,18:30,109
2026-09-01,18:35,101
2026-09-01,18:38,96
2026-09-01,18:39,101
2026-09-01,18:40,100
2026-09-01,18:45,97
2026-09-01,18:50,97
2026-09-01,18:55,102
2026-09-01,19:00,107
2026-09-01,19:01,105
2026-09-01,19:05,101
2026-09-01,19:10,100
2026-09-01,19:15,94
2026-09-01,19:17,91
2026-09-01,19:20,91
2026-09-01,19:25,92
2026-09-01,19:30,97
2026-09-01,19:35,99
2026-09-01,19:40,99
2026-09-01,19:45,99
2026-09-01,19:50,99
2026-09-01,19:55,101
2026-09-01,20:00,99
2026-09-01,20:05,93
2026-09-01,20:10,90
2026-09-01,20:15,99
2026-09-01,20:20,104
2026-09-01,20:21,104
2026-09-01,20:25,101
2026-09-01,20:30,97
2026-09-01,20:35,96
2026-09-01,20:40,93
2026-09-01,20:45,92
2026-09-01,20:50,96
2026-09-01,20:55,94
2026-09-01,21:00,94
2026-09-01,21:05,95
2026-09-01,21:10,95
2026-09-01,21:15,87
2026-09-01,21:20,89
2026-09-01,21:25,92
2026-09-01,21:30,90
2026-09-01,21:35,89
2026-09-01,21:40,89
2026-09-01,21:45,91
2026-09-01,21:50,94
2026-09-01,21:55,94
2026-09-01,22:00,92
2026-09-01,22:05,92
2026-09-01,22:10,96
2026-09-01,22:15,91
2026-09-01,22:20,93
2026-09-01,22:25,88
2026-09-01,22:30,86
2026-09-01,22:31,90
2026-09-01,22:33,92
2026-09-01,22:35,92
2026-09-01,22:40,84
2026-09-01,22:45,81
2026-09-01,22:50,76
2026-09-01,22:53,72
2026-09-01,22:54,67
2026-09-01,22:55,67
2026-09-01,22:56,66
2026-09-01,22:57,64
2026-09-01,22:58,63
2026-09-01,22:59,63
2026-09-01,23:00,63
2026-09-01,23:01,63
2026-09-01,23:02,63
2026-09-01,23:03,65
2026-09-01,23:04,65
2026-09-01,23:05,66
2026-09-01,23:06,68
2026-09-01,23:07,68
2026-09-01,23:08,66
2026-09-01,23:09,63
2026-09-01,23:10,62
2026-09-01,23:11,62
2026-09-01,23:12,64
2026-09-01,23:13,64
2026-09-01,23:14,63
2026-09-01,23:15,65
2026-09-01,23:16,68
2026-09-01,23:17,70
2026-09-01,23:18,76
2026-09-01,23:19,81
2026-09-01,23:20,75
2026-09-01,23:21,66
2026-09-01,23:22,61
2026-09-01,23:23,59
2026-09-01,23:24,59
2026-09-01,23:25,60
2026-09-01,23:26,60
2026-09-01,23:27,60
2026-09-01,23:28,61
2026-09-01,23:29,60
2026-09-01,23:30,58
2026-09-01,23:31,57
2026-09-01,23:32,58
2026-09-01,23:33,59
2026-09-01,23:34,59
2026-09-01,23:35,61
2026-09-01,23:36,61
2026-09-01,23:37,61
2026-09-01,23:38,61
2026-09-01,23:39,61
2026-09-01,23:40,58
2026-09-01,23:41,58
2026-09-01,23:42,58
2026-09-01,23:43,58
2026-09-01,23:44,60
2026-09-01,23:45,60
2026-09-01,23:46,60
2026-09-01,23:47,60
2026-09-01,23:48,59
2026-09-01,23:49,58
2026-09-01,23:50,58
2026-09-01,23:51,59
2026-09-01,23:52,59
2026-09-01,23:53,66
2026-09-01,23:54,81
2026-09-01,23:55,86
2026-09-01,23:56,85
2026-09-01,23:57,79
2026-09-01,23:58,78
2026-09-01,23:59,70
2026-09-02,00:00,63
2026-09-02,00:01,60
2026-09-02,00:02,58
2026-09-02,00:03,58
2026-09-02,00:04,60
2026-09-02,00:05,68
2026-09-02,00:06,70
2026-09-02,00:07,66
2026-09-02,00:08,64
2026-09-02,00:09,62
2026-09-02,00:10,64
2026-09-02,00:11,63
2026-09-02,00:12,62
2026-09-02,00:13,62
2026-09-02,00:14,61
2026-09-02,00:15,61
2026-09-02,00:16,63
2026-09-02,00:17,63
2026-09-02,00:18,61
2026-09-02,00:19,61
2026-09-02,00:20,61
2026-09-02,00:21,62
2026-09-02,00:22,62
2026-09-02,00:23,62
2026-09-02,00:24,63
2026-09-02,00:25,63
2026-09-02,00:26,65
2026-09-02,00:27,65
2026-09-02,00:28,65
2026-09-02,00:29,65
2026-09-02,00:30,64
2026-09-02,00:31,62
2026-09-02,00:32,67
2026-09-02,00:33,69
2026-09-02,00:34,66
2026-09-02,00:35,60
2026-09-02,00:36,58
2026-09-02,00:37,59
2026-09-02,00:38,58
2026-09-02,00:39,58
2026-09-02,00:40,58
2026-09-02,00:41,59
2026-09-02,00:42,58
2026-09-02,00:43,58
2026-09-02,00:44,58
2026-09-02,00:45,60
2026-09-02,00:46,61
2026-09-02,00:47,61
2026-09-02,00:48,60
2026-09-02,00:49,60
2026-09-02,00:50,60
2026-09-02,00:51,61
2026-09-02,00:52,59
2026-09-02,00:53,58
2026-09-02,00:54,58
2026-09-02,00:55,58
2026-09-02,00:56,58
2026-09-02,00:57,58
2026-09-02,00:58,62
2026-09-02,00:59,64
2026-09-02,01:00,64
2026-09-02,01:01,63
2026-09-02,01:02,60
2026-09-02,01:03,59
2026-09-02,01:04,59
2026-09-02,01:05,59
2026-09-02,01:06,59
2026-09-02,01:07,59
2026-09-02,01:08,59
2026-09-02,01:09,66
2026-09-02,01:10,73
2026-09-02,01:11,65
2026-09-02,01:12,62
2026-09-02,01:13,60
2026-09-02,01:14,60
2026-09-02,01:15,60
2026-09-02,01:16,60
2026-09-02,01:17,60
2026-09-02,01:18,61
2026-09-02,01:19,61
2026-09-02,01:20,61
2026-09-02,01:21,61
2026-09-02,01:22,61
2026-09-02,01:23,61
2026-09-02,01:24,61
2026-09-02,01:25,61
2026-09-02,01:26,61
2026-09-02,01:27,60
2026-09-02,01:28,60
2026-09-02,01:29,60
2026-09-02,01:30,60
2026-09-02,01:31,67
2026-09-02,01:32,59
2026-09-02,01:33,59
2026-09-02,01:34,59
2026-09-02,01:35,59
2026-09-02,01:36,59
2026-09-02,01:37,60
2026-09-02,01:38,61
2026-09-02,01:39,58
2026-09-02,01:40,58
2026-09-02,01:41,59
2026-09-02,01:42,59
2026-09-02,01:43,59
2026-09-02,01:44,62
2026-09-02,01:45,65
2026-09-02,01:46,65
2026-09-02,01:47,63
2026-09-02,01:48,65
2026-09-02,01:49,66
2026-09-02,01:50,64
2026-09-02,01:51,64
2026-09-02,01:52,68
2026-09-02,01:53,65
2026-09-02,01:54,61
2026-09-02,01:55,62
2026-09-02,01:56,64
2026-09-02,01:57,65
2026-09-02,01:58,64
2026-09-02,01:59,63
2026-09-02,02:00,62
2026-09-02,02:01,61
2026-09-02,02:02,59
2026-09-02,02:03,59
2026-09-02,02:04,59
2026-09-02,02:05,60
2026-09-02,02:06,60
2026-09-02,02:07,61
2026-09-02,02:08,61
2026-09-02,02:09,59
2026-09-02,02:10,58
2026-09-02,02:11,59
2026-09-02,02:12,59
2026-09-02,02:13,58
2026-09-02,02:14,60
2026-09-02,02:15,62
2026-09-02,02:16,62
2026-09-02,02:17,61
2026-09-02,02:18,62
2026-09-02,02:19,63
2026-09-02,02:20,64
2026-09-02,02:21,64
2026-09-02,02:22,74
2026-09-02,02:23,69
2026-09-02,02:24,68
2026-09-02,02:25,67
2026-09-02,02:26,67
2026-09-02,02:27,67
2026-09-02,02:28,66
2026-09-02,02:29,64
2026-09-02,02:30,66
2026-09-02,02:31,66
2026-09-02,02:32,66
2026-09-02,02:33,65
2026-09-02,02:34,64
2026-09-02,02:35,64
2026-09-02,02:36,64
2026-09-02,02:37,64
2026-09-02,02:38,64
2026-09-02,02:39,65
2026-09-02,02:40,65
2026-09-02,02:41,65
2026-09-02,02:42,62
2026-09-02,02:43,62
2026-09-02,02:44,63
2026-09-02,02:45,62
2026-09-02,02:46,63
2026-09-02,02:47,63
2026-09-02,02:48,62
2026-09-02,02:49,62
2026-09-02,02:50,62
2026-09-02,02:51,63
2026-09-02,02:52,63
2026-09-02,02:53,63
2026-09-02,02:54,63
2026-09-02,02:55,68
2026-09-02,02:56,70
2026-09-02,02:57,64
2026-09-02,02:58,62
2026-09-02,02:59,60
2026-09-02,03:00,60
2026-09-02,03:01,60
2026-09-02,03:02,61
2026-09-02,03:03,61
2026-09-02,03:04,63
2026-09-02,03:05,63
2026-09-02,03:06,63
2026-09-02,03:07,60
2026-09-02,03:08,61
2026-09-02,03:09,61
2026-09-02,03:10,61
2026-09-02,03:11,62
2026-09-02,03:12,63
2026-09-02,03:13,78
2026-09-02,03:14,76
2026-09-02,03:15,71
2026-09-02,03:16,67
2026-09-02,03:17,64
2026-09-02,03:18,64
2026-09-02,03:19,64
2026-09-02,03:20,64
2026-09-02,03:21,67
2026-09-02,03:22,67
2026-09-02,03:23,67
2026-09-02,03:24,65
2026-09-02,03:25,65
2026-09-02,03:26,65
2026-09-02,03:27,65
2026-09-02,03:28,76
2026-09-02,03:29,75
2026-09-02,03:30,70
2026-09-02,03:31,64
2026-09-02,03:32,62
2026-09-02,03:33,62
2026-09-02,03:34,62
2026-09-02,03:35,61
2026-09-02,03:36,60
2026-09-02,03:37,62
2026-09-02,03:38,64
2026-09-02,03:39,64
2026-09-02,03:40,66
2026-09-02,03:41,70
2026-09-02,03:42,70
2026-09-02,03:43,69
2026-09-02,03:44,70
2026-09-02,03:45,70
2026-09-02,03:46,72
2026-09-02,03:47,72
2026-09-02,03:48,71
2026-09-02,03:49,67
2026-09-02,03:50,64
2026-09-02,03:51,64
2026-09-02,03:52,64
2026-09-02,03:53,69
2026-09-02,03:54,68
2026-09-02,03:55,65
2026-09-02,03:56,62
2026-09-02,03:57,63
2026-09-02,03:58,65
2026-09-02,03:59,70
2026-09-02,04:00,70
2026-09-02,04:01,70
2026-09-02,04:02,69
2026-09-02,04:03,68
2026-09-02,04:04,68
2026-09-02,04:05,68
2026-09-02,04:06,66
2026-09-02,04:07,66
2026-09-02,04:08,66
2026-09-02,04:09,67
2026-09-02,04:10,67
2026-09-02,04:11,67
2026-09-02,04:12,67
2026-09-02,04:13,66
2026-09-02,04:14,66
2026-09-02,04:15,66
2026-09-02,04:16,68
2026-09-02,04:17,68
2026-09-02,04:18,68
2026-09-02,04:19,68
2026-09-02,04:20,68
2026-09-02,04:21,68
2026-09-02,04:22,68
2026-09-02,04:23,66
2026-09-02,04:24,64
2026-09-02,04:25,66
2026-09-02,04:26,67
2026-09-02,04:27,68
2026-09-02,04:28,66
2026-09-02,04:29,66
2026-09-02,04:30,66
2026-09-02,04:31,66
2026-09-02,04:32,66
2026-09-02,04:33,66
2026-09-02,04:34,73
2026-09-02,04:35,72
2026-09-02,04:36,82
2026-09-02,04:37,82
2026-09-02,04:38,74
2026-09-02,04:39,71
2026-09-02,04:40,68
2026-09-02,04:41,63
2026-09-02,04:42,68
2026-09-02,04:43,70
2026-09-02,04:44,67
2026-09-02,04:45,64
2026-09-02,04:46,61
2026-09-02,04:47,64
2026-09-02,04:48,64
2026-09-02,04:49,65
2026-09-02,04:50,67
2026-09-02,04:51,65
2026-09-02,04:52,62
2026-09-02,04:53,62
2026-09-02,04:54,62
2026-09-02,04:55,62
2026-09-02,04:56,62
2026-09-02,04:57,63
2026-09-02,04:58,63
2026-09-02,04:59,59
2026-09-02,05:00,59
2026-09-02,05:01,61
2026-09-02,05:02,63
2026-09-02,05:03,63
2026-09-02,05:04,61
2026-09-02,05:05,59
2026-09-02,05:06,60
2026-09-02,05:07,62
2026-09-02,05:08,64
2026-09-02,05:09,63
2026-09-02,05:10,63
2026-09-02,05:11,63
2026-09-02,05:12,63
2026-09-02,05:13,63
2026-09-02,05:14,65
2026-09-02,05:15,67
2026-09-02,05:16,67
2026-09-02,05:17,67
2026-09-02,05:18,65
2026-09-02,05:19,64
2026-09-02,05:20,66
2026-09-02,05:21,67
2026-09-02,05:22,69
2026-09-02,05:23,69
2026-09-02,05:24,66
2026-09-02,05:25,66
2026-09-02,05:26,66
2026-09-02,05:27,66
2026-09-02,05:28,67
2026-09-02,05:29,68
2026-09-02,05:30,69
2026-09-02,05:31,69
2026-09-02,05:32,70
2026-09-02,05:33,70
2026-09-02,05:34,69
2026-09-02,05:35,70
2026-09-02,05:36,82
2026-09-02,05:37,84
2026-09-02,05:38,75
2026-09-02,05:39,69
2026-09-02,05:40,66
2026-09-02,05:41,63
2026-09-02,05:42,75
2026-09-02,05:43,73
2026-09-02,05:44,70
2026-09-02,05:45,82
2026-09-02,05:46,85
2026-09-02,05:47,74
2026-09-02,05:48,70
2026-09-02,05:49,68
2026-09-02,05:50,66
2026-09-02,05:51,71
2026-09-02,05:52,75
2026-09-02,05:53,69
2026-09-02,05:54,65
2026-09-02,05:55,70
2026-09-02,05:56,78
2026-09-02,05:57,80
2026-09-02,05:58,80
2026-09-02,05:59,84
2026-09-02,06:00,76
2026-09-02,06:01,74
2026-09-02,06:02,72
2026-09-02,06:03,73
2026-09-02,06:04,73
2026-09-02,06:05,75
2026-09-02,06:06,74
2026-09-02,06:07,74
2026-09-02,06:08,78
2026-09-02,06:09,76
2026-09-02,06:10,78
2026-09-02,06:11,77
2026-09-02,06:12,77
2026-09-02,06:13,75
2026-09-02,06:14,74
2026-09-02,06:15,74
2026-09-02,06:16,76
2026-09-02,06:17,81
2026-09-02,06:18,86
2026-09-02,06:19,88
2026-09-02,06:20,88
2026-09-02,06:21,85
2026-09-02,06:22,79
2026-09-02,06:23,84
2026-09-02,06:24,84
2026-09-02,06:25,84
2026-09-02,06:26,84
2026-09-02,06:27,89
2026-09-02,06:28,87
2026-09-02,06:29,87
2026-09-02,06:30,86
2026-09-02,06:31,80
2026-09-02,06:32,80
2026-09-02,06:33,86
2026-09-02,06:34,86
2026-09-02,06:35,86
2026-09-02,06:36,85
2026-09-02,06:37,81
2026-09-02,06:38,78
2026-09-02,06:39,81
2026-09-02,06:40,83
2026-09-02,06:41,79
2026-09-02,06:42,77
2026-09-02,06:43,82
2026-09-02,06:44,79
2026-09-02,06:45,78
2026-09-02,06:46,78
2026-09-02,06:47,77
2026-09-02,06:48,76
2026-09-02,06:49,75
2026-09-02,06:50,77
2026-09-02,06:51,78
2026-09-02,06:52,79
2026-09-02,06:53,85
2026-09-02,06:54,82
2026-09-02,06:55,89
2026-09-02,06:56,99
2026-09-02,06:57,101
2026-09-02,06:58,99
2026-09-02,06:59,95
2026-09-02,07:00,85
2026-09-02,07:05,86
2026-09-02,07:06,98
2026-09-02,07:07,98
2026-09-02,07:09,98
2026-09-02,07:10,100
2026-09-02,07:11,97
2026-09-02,07:15,94
2026-09-02,07:20,92
2026-09-02,07:25,89
2026-09-02,07:30,95
2026-09-02,07:35,100
2026-09-02,07:40,96
2026-09-02,07:45,90
2026-09-02,07:50,94
2026-09-02,07:55,102
2026-09-02,08:00,109
2026-09-02,08:01,107
2026-09-02,08:05,102
2026-09-02,12:35,96
2026-09-02,12:40,96
2026-09-02,12:45,100
2026-09-02,12:50,100
2026-09-02,12:55,100
2026-09-02,13:00,100
2026-09-02,13:05,102
2026-09-02,13:06,105
2026-09-02,13:10,107
2026-09-02,13:15,101
2026-09-02,13:20,97
2026-09-02,13:25,96
2026-09-02,13:30,98
2026-09-02,13:31,109
2026-09-02,13:35,113
2026-09-02,13:40,118
2026-09-02,13:45,121
2026-09-02,13:46,121
2026-09-02,13:47,121
2026-09-02,13:48,115
2026-09-02,13:49,106
2026-09-02,13:50,101
2026-09-02,13:55,101
2026-09-02,14:00,101
2026-09-02,14:05,98
2026-09-02,14:10,99
2026-09-02,14:15,101
2026-09-02,14:20,103
2026-09-02,14:25,95
2026-09-02,14:30,102
2026-09-02,14:35,101
2026-09-02,14:40,98
2026-09-02,14:45,99
2026-09-02,14:50,99
2026-09-02,14:55,99
2026-09-02,15:15,101
2026-09-02,15:18,108
2026-09-02,15:19,120
2026-09-02,21:27,127
2026-09-02,21:28,127
2026-09-02,21:29,120
2026-09-02,21:30,113
2026-09-02,21:35,110
2026-09-02,21:40,110
2026-09-02,21:45,107
2026-09-02,21:50,106
2026-09-02,21:55,105
2026-09-02,22:00,104
2026-09-02,22:05,104
2026-09-02,22:10,101
2026-09-02,22:15,101
2026-09-02,22:20,101
2026-09-02,22:25,101
2026-09-02,22:30,101
2026-09-02,22:34,101
2026-09-02,22:35,103
2026-09-02,22:38,100
2026-09-02,22:39,98
2026-09-02,22:40,103
2026-09-02,22:45,104
2026-09-02,22:49,100
2026-09-02,22:50,100
2026-09-02,22:55,97
2026-09-02,23:00,91
2026-09-02,23:05,93
2026-09-02,23:10,99
2026-09-02,23:15,101
2026-09-02,23:20,98
2026-09-02,23:25,88
2026-09-02,23:30,88
2026-09-02,23:35,96
2026-09-02,23:40,98
2026-09-02,23:45,94
2026-09-02,23:49,86
2026-09-02,23:50,78
2026-09-02,23:51,77
2026-09-02,23:52,75
2026-09-02,23:53,74
2026-09-02,23:54,72
2026-09-02,23:55,72
2026-09-02,23:56,72
2026-09-02,23:57,71
2026-09-02,23:58,71
2026-09-02,23:59,72
2026-09-03,00:00,72
2026-09-03,00:01,72
2026-09-03,00:02,72
2026-09-03,00:03,72
2026-09-03,00:04,72
2026-09-03,00:05,72
2026-09-03,00:06,71
2026-09-03,00:07,70
2026-09-03,00:08,70
2026-09-03,00:09,73
2026-09-03,00:10,70
2026-09-03,00:11,68
2026-09-03,00:12,66
2026-09-03,00:13,66
2026-09-03,00:14,66
2026-09-03,00:15,68
2026-09-03,00:16,69
2026-09-03,00:17,69
2026-09-03,00:18,68
2026-09-03,00:19,67
2026-09-03,00:20,66
2026-09-03,00:21,66
2026-09-03,00:22,66
2026-09-03,00:23,66
2026-09-03,00:24,67
2026-09-03,00:25,68
2026-09-03,00:26,67
2026-09-03,00:27,66
2026-09-03,00:28,65
2026-09-03,00:29,65
2026-09-03,00:30,64
2026-09-03,00:31,63
2026-09-03,00:32,64
2026-09-03,00:33,64
2026-09-03,00:34,64
2026-09-03,00:35,64
2026-09-03,00:36,64
2026-09-03,00:37,64
2026-09-03,00:38,64
2026-09-03,00:39,64
2026-09-03,00:40,64
2026-09-03,00:41,69
2026-09-03,00:42,71
2026-09-03,00:43,75
2026-09-03,00:44,73
2026-09-03,00:45,69
2026-09-03,00:46,71
2026-09-03,00:47,76
2026-09-03,00:48,73
2026-09-03,00:49,67
2026-09-03,00:50,66
2026-09-03,00:51,68
2026-09-03,00:52,66
2026-09-03,00:53,65
2026-09-03,00:54,66
2026-09-03,00:55,67
2026-09-03,00:56,68
2026-09-03,00:57,66
2026-09-03,00:58,67
2026-09-03,00:59,72
2026-09-03,01:00,76
2026-09-03,01:01,73
2026-09-03,01:02,70
2026-09-03,01:03,65
2026-09-03,01:04,63
2026-09-03,01:05,63
2026-09-03,01:06,64
2026-09-03,01:07,76
2026-09-03,01:08,75
2026-09-03,01:09,69
2026-09-03,01:10,67
2026-09-03,01:11,68
2026-09-03,01:12,68
2026-09-03,01:13,68
2026-09-03,01:14,68
2026-09-03,01:15,68
2026-09-03,01:16,68
2026-09-03,01:17,68
2026-09-03,01:18,75
2026-09-03,01:19,75
2026-09-03,01:20,80
2026-09-03,01:21,77
2026-09-03,01:22,73
2026-09-03,01:23,68
2026-09-03,01:24,67
2026-09-03,01:25,67
2026-09-03,01:26,66
2026-09-03,01:27,65
2026-09-03,01:28,64
2026-09-03,01:29,63
2026-09-03,01:30,63
2026-09-03,01:31,68
2026-09-03,01:32,74
2026-09-03,01:33,77
2026-09-03,01:34,72
2026-09-03,01:35,68
2026-09-03,01:36,65
2026-09-03,01:37,65
2026-09-03,01:38,80
2026-09-03,01:39,72
2026-09-03,01:40,77
2026-09-03,01:41,89
2026-09-03,01:42,86
2026-09-03,01:43,78
2026-09-03,01:44,75
2026-09-03,01:45,70
2026-09-03,01:46,70
2026-09-03,01:47,70
2026-09-03,01:48,70
2026-09-03,01:49,69
2026-09-03,01:50,68
2026-09-03,01:51,67
2026-09-03,01:52,67
2026-09-03,01:53,65
2026-09-03,01:54,64
2026-09-03,01:55,64
2026-09-03,01:56,65
2026-09-03,01:57,65
2026-09-03,01:58,66
2026-09-03,01:59,65
2026-09-03,02:00,65
2026-09-03,02:01,64
2026-09-03,02:02,64
2026-09-03,02:03,64
2026-09-03,02:04,64
2026-09-03,02:05,64
2026-09-03,02:06,65
2026-09-03,02:07,65
2026-09-03,02:08,64
2026-09-03,02:09,64
2026-09-03,02:10,76
2026-09-03,02:11,80
2026-09-03,02:12,77
2026-09-03,02:13,72
2026-09-03,02:14,79
2026-09-03,02:15,78
2026-09-03,02:16,75
2026-09-03,02:17,75
2026-09-03,02:18,72
2026-09-03,02:19,67
2026-09-03,02:20,68
2026-09-03,02:21,70
2026-09-03,02:22,70
2026-09-03,02:23,70
2026-09-03,02:24,64
2026-09-03,02:25,62
2026-09-03,02:26,63
2026-09-03,02:27,68
2026-09-03,02:28,69
2026-09-03,02:29,71
2026-09-03,02:30,73
2026-09-03,02:31,70
2026-09-03,02:32,75
2026-09-03,02:33,77
2026-09-03,02:34,72
2026-09-03,02:35,69
2026-09-03,02:36,64
2026-09-03,02:37,64
2026-09-03,02:38,64
2026-09-03,02:39,65
2026-09-03,02:40,75
2026-09-03,02:41,77
2026-09-03,02:42,69
2026-09-03,02:43,63
2026-09-03,02:44,60
2026-09-03,02:45,57
2026-09-03,02:46,57
2026-09-03,02:47,60
2026-09-03,02:48,70
2026-09-03,02:49,73
2026-09-03,02:50,73
2026-09-03,02:51,69
2026-09-03,02:52,64
2026-09-03,02:53,61
2026-09-03,02:54,61
2026-09-03,02:55,67
2026-09-03,02:56,71
2026-09-03,02:57,70
2026-09-03,02:58,67
2026-09-03,02:59,64
2026-09-03,03:00,64
2026-09-03,03:01,68
2026-09-03,03:02,69
2026-09-03,03:03,69
2026-09-03,03:04,69
2026-09-03,03:05,68
2026-09-03,03:06,66
2026-09-03,03:07,65
2026-09-03,03:08,65
2026-09-03,03:09,64
2026-09-03,03:10,70
2026-09-03,03:11,73
2026-09-03,03:12,69
2026-09-03,03:13,67
2026-09-03,03:14,67
2026-09-03,03:15,67
2026-09-03,03:16,67
2026-09-03,03:17,67
2026-09-03,03:18,82
2026-09-03,03:19,79
2026-09-03,03:20,71
2026-09-03,03:21,64
2026-09-03,03:22,70
2026-09-03,03:23,69
2026-09-03,03:24,69
2026-09-03,03:25,69
2026-09-03,03:26,69
2026-09-03,03:27,70
2026-09-03,03:28,71
2026-09-03,03:29,70
2026-09-03,03:30,70
2026-09-03,03:31,69
2026-09-03,03:32,67
2026-09-03,03:33,67
2026-09-03,03:34,64
2026-09-03,03:35,63
2026-09-03,03:36,63
2026-09-03,03:37,63
2026-09-03,03:38,64
2026-09-03,03:39,64
2026-09-03,03:40,64
2026-09-03,03:41,65
2026-09-03,03:42,65
2026-09-03,03:43,65
2026-09-03,03:44,65
2026-09-03,03:45,65
2026-09-03,03:46,65
2026-09-03,03:47,65
2026-09-03,03:48,65
2026-09-03,03:49,64
2026-09-03,03:50,64
2026-09-03,03:51,66
2026-09-03,03:52,66
2026-09-03,03:53,65
2026-09-03,03:54,63
2026-09-03,03:55,63
2026-09-03,03:56,63
2026-09-03,03:57,61
2026-09-03,03:58,63
2026-09-03,03:59,63
2026-09-03,04:00,63
2026-09-03,04:01,63
2026-09-03,04:02,63
2026-09-03,04:03,62
2026-09-03,04:04,62
2026-09-03,04:05,63
2026-09-03,04:06,64
2026-09-03,04:07,64
2026-09-03,04:08,65
2026-09-03,04:09,65
2026-09-03,04:10,62
2026-09-03,04:11,82
2026-09-03,04:12,78
2026-09-03,04:13,70
2026-09-03,04:14,66
2026-09-03,04:15,63
2026-09-03,04:16,70
2026-09-03,04:17,72
2026-09-03,04:18,71
2026-09-03,04:19,65
2026-09-03,04:20,61
2026-09-03,04:21,59
2026-09-03,04:22,59
2026-09-03,04:23,62
2026-09-03,04:24,67
2026-09-03,04:25,66
2026-09-03,04:26,65
2026-09-03,04:27,65
2026-09-03,04:28,67
2026-09-03,04:29,73
2026-09-03,04:30,69
2026-09-03,04:31,69
2026-09-03,04:32,70
2026-09-03,04:33,67
2026-09-03,04:34,64
2026-09-03,04:35,60
2026-09-03,04:36,64
2026-09-03,04:37,64
2026-09-03,04:38,74
2026-09-03,04:39,71
2026-09-03,04:40,64
2026-09-03,04:41,62
2026-09-03,04:42,60
2026-09-03,04:43,60
2026-09-03,04:44,61
2026-09-03,04:45,69
2026-09-03,04:46,78
2026-09-03,04:47,81
2026-09-03,04:48,78
2026-09-03,04:49,80
2026-09-03,04:50,77
2026-09-03,04:51,76
2026-09-03,04:52,74
2026-09-03,04:53,72
2026-09-03,04:54,71
2026-09-03,04:55,65
2026-09-03,04:56,63
2026-09-03,04:57,65
2026-09-03,04:58,67
2026-09-03,04:59,70
2026-09-03,05:00,70
2026-09-03,05:01,70
2026-09-03,05:02,70
2026-09-03,05:03,67
2026-09-03,05:04,67
2026-09-03,05:05,68
2026-09-03,05:06,68
2026-09-03,05:07,75
2026-09-03,05:08,72
2026-09-03,05:09,72
2026-09-03,05:10,71
2026-09-03,05:11,69
2026-09-03,05:12,71
2026-09-03,05:13,73
2026-09-03,05:14,70
2026-09-03,05:15,67
2026-09-03,05:16,66
2026-09-03,05:17,66
2026-09-03,05:18,67
2026-09-03,05:19,66
2026-09-03,05:20,66
2026-09-03,05:21,67
2026-09-03,05:22,68
2026-09-03,05:23,68
2026-09-03,05:24,78
2026-09-03,05:25,80
2026-09-03,05:26,76
2026-09-03,05:27,70
2026-09-03,05:28,66
2026-09-03,05:29,66
2026-09-03,05:30,66
2026-09-03,05:31,65
2026-09-03,05:32,63
2026-09-03,05:33,66
2026-09-03,05:34,67
2026-09-03,05:35,70
2026-09-03,05:36,69
2026-09-03,05:37,66
2026-09-03,05:38,64
2026-09-03,05:39,63
2026-09-03,05:40,76
2026-09-03,05:41,78
2026-09-03,05:42,74
2026-09-03,05:43,67
2026-09-03,05:44,64
2026-09-03,05:45,64
2026-09-03,05:46,66
2026-09-03,05:47,67
2026-09-03,05:48,65
2026-09-03,05:49,64
2026-09-03,05:50,69
2026-09-03,05:51,72
2026-09-03,05:52,70
2026-09-03,05:53,66
2026-09-03,05:54,63
2026-09-03,05:55,60
2026-09-03,05:56,59
2026-09-03,05:57,63
2026-09-03,05:58,66
2026-09-03,05:59,73
2026-09-03,06:00,73
2026-09-03,06:01,65
2026-09-03,06:02,61
2026-09-03,06:03,61
2026-09-03,06:04,66
2026-09-03,06:05,65
2026-09-03,06:06,66
2026-09-03,06:07,66
2026-09-03,06:08,65
2026-09-03,06:09,64
2026-09-03,06:10,65
2026-09-03,06:11,66
2026-09-03,06:12,66
2026-09-03,06:13,68
2026-09-03,06:14,74
2026-09-03,06:15,79
2026-09-03,06:16,81
2026-09-03,06:17,79
2026-09-03,06:18,79
2026-09-03,06:19,83
2026-09-03,06:20,92
2026-09-03,06:21,86
2026-09-03,06:22,87
2026-09-03,06:23,93
2026-09-03,06:24,89
2026-09-03,06:25,84
2026-09-03,06:26,78
2026-09-03,06:27,81
2026-09-03,06:28,84
2026-09-03,06:29,84
2026-09-03,06:30,89
2026-09-03,06:31,86
2026-09-03,06:32,79
2026-09-03,06:33,76
2026-09-03,06:34,78
2026-09-03,06:35,80
2026-09-03,06:36,85
2026-09-03,06:37,88
2026-09-03,06:38,86
2026-09-03,06:39,88
2026-09-03,06:40,98
2026-09-03,06:44,111
2026-09-03,06:45,107
2026-09-03,06:50,103
2026-09-03,06:53,100
2026-09-03,06:54,94
2026-09-03,06:55,86
2026-09-03,06:56,85
2026-09-03,06:57,84
2026-09-03,06:58,87
2026-09-03,06:59,87
2026-09-03,07:00,85
2026-09-03,07:01,85
2026-09-03,07:02,86
2026-09-03,07:05,94
2026-09-03,07:06,102
2026-09-03,07:10,106
2026-09-03,07:12,103
2026-09-03,07:15,99
2026-09-03,07:20,99
2026-09-03,07:25,102
2026-09-03,07:30,104
2026-09-03,07:35,101
2026-09-03,07:39,101
2026-09-03,07:40,102
2026-09-03,07:41,98
2026-09-03,07:42,103
2026-09-03,07:45,109
2026-09-03,07:46,112
2026-09-03,07:50,115
2026-09-03,07:55,109
2026-09-03,08:00,109
2026-09-03,08:05,109
2026-09-03,08:10,111
2026-09-03,08:15,112
2026-09-03,08:20,108
2026-09-03,08:25,102
2026-09-03,08:30,102
2026-09-03,08:35,104
2026-09-03,08:40,102
2026-09-03,08:45,102
2026-09-03,08:50,103
2026-09-03,08:55,102
2026-09-03,09:00,102
2026-09-03,09:05,103
2026-09-03,09:10,103
2026-09-03,09:15,108
2026-09-03,09:20,112
2026-09-03,09:25,113
2026-09-03,09:30,114
2026-09-03,09:35,116
2026-09-03,09:40,118
2026-09-03,09:45,120
2026-09-03,09:50,115
2026-09-03,09:55,114
2026-09-03,10:00,113
2026-09-03,10:05,110
2026-09-03,10:10,108
2026-09-03,10:15,107
2026-09-03,10:20,107
2026-09-03,10:25,107
2026-09-03,10:30,107
2026-09-03,10:35,107
2026-09-03,10:40,105
2026-09-03,10:45,105
2026-09-03,10:50,105
2026-09-03,10:55,102
2026-09-03,11:00,98
2026-09-03,11:05,97
2026-09-03,11:07,93
2026-09-03,11:10,93
2026-09-03,11:15,99
2026-09-03,11:20,109
2026-09-03,11:22,116
2026-09-03,11:25,110
2026-09-03,11:30,104
2026-09-03,11:35,99
2026-09-03,11:40,100
2026-09-03,11:45,107
2026-09-03,11:50,103
2026-09-03,11:55,95
2026-09-03,12:00,92
2026-09-03,12:05,96
2026-09-03,12:10,101
2026-09-03,12:15,100
2026-09-03,12:20,89
2026-09-03,12:22,95
2026-09-03,12:25,98
2026-09-03,12:29,101
2026-09-03,12:30,95
2026-09-03,12:33,94
2026-09-03,12:34,94
2026-09-03,12:35,94
2026-09-03,12:40,89
2026-09-03,12:45,89
2026-09-03,12:50,91
2026-09-03,12:55,96
2026-09-03,13:00,96
2026-09-03,13:03,88
2026-09-03,13:04,82
2026-09-03,13:05,79
2026-09-03,13:06,79
2026-09-03,13:07,79
2026-09-03,13:08,77
2026-09-03,13:09,77
2026-09-03,13:10,77
2026-09-03,13:11,76
2026-09-03,13:12,76
2026-09-03,13:13,76
2026-09-03,13:14,76
2026-09-03,13:15,76
2026-09-03,13:16,76
2026-09-03,13:17,75
2026-09-03,13:18,75
2026-09-03,13:19,75
2026-09-03,13:20,75
2026-09-03,13:21,75
2026-09-03,13:22,75
2026-09-03,13:23,75
2026-09-03,13:24,73
2026-09-03,13:25,72
2026-09-03,13:26,72
2026-09-03,13:27,69
2026-09-03,13:28,70
2026-09-03,13:29,71
2026-09-03,13:30,70
2026-09-03,13:31,70
2026-09-03,13:32,75
2026-09-03,13:33,70
2026-09-03,13:34,69
2026-09-03,13:35,78
2026-09-03,13:36,75
2026-09-03,13:37,72
2026-09-03,13:38,79
2026-09-03,13:39,76
2026-09-03,13:40,73
2026-09-03,13:41,75
2026-09-03,13:42,75
2026-09-03,13:43,73
2026-09-03,13:44,71
2026-09-03,13:45,67
2026-09-03,13:46,65
2026-09-03,13:47,67
2026-09-03,13:48,68
2026-09-03,13:49,65
2026-09-03,13:50,65
2026-09-03,13:51,72
2026-09-03,13:52,75
2026-09-03,13:53,75
2026-09-03,13:54,76
2026-09-03,13:55,73
2026-09-03,13:56,70
2026-09-03,13:57,70
2026-09-03,13:58,73
2026-09-03,13:59,80
2026-09-03,14:00,80
2026-09-03,14:01,77
2026-09-03,14:02,77
2026-09-03,14:03,77
2026-09-03,14:04,76
2026-09-03,14:05,78
2026-09-03,14:06,78
2026-09-03,14:07,76
2026-09-03,14:08,73
2026-09-03,14:09,78
2026-09-03,14:10,79
2026-09-03,14:11,83
2026-09-03,14:12,85
2026-09-03,14:13,85
2026-09-03,14:14,88
2026-09-03,14:15,92
2026-09-03,14:16,90
2026-09-03,14:17,92
2026-09-03,14:18,104
2026-09-03,14:19,113
2026-09-03,14:20,109
2026-09-03,14:21,101
2026-09-03,14:22,90
2026-09-03,14:23,91
2026-09-03,14:24,94
2026-09-03,14:25,95
2026-09-03,14:26,89
2026-09-03,14:27,87
2026-09-03,14:28,87
2026-09-03,14:29,94
2026-09-03,14:30,94
2026-09-03,14:31,94
2026-09-03,14:32,94
2026-09-03,14:33,95
2026-09-03,14:34,96
2026-09-03,14:35,95
2026-09-03,14:36,97
2026-09-03,14:37,103
2026-09-03,14:38,103
2026-09-03,14:39,100
2026-09-03,14:40,100
2026-09-03,14:41,101
2026-09-03,14:42,101
2026-09-03,14:43,104
2026-09-03,14:44,104
2026-09-03,14:45,104
2026-09-03,14:46,104
2026-09-03,14:47,103
2026-09-03,14:48,110
2026-09-03,14:49,115
2026-09-03,14:50,108
2026-09-03,14:53,105
2026-09-03,14:54,106
2026-09-03,14:55,109
2026-09-03,15:00,109
2026-09-03,15:05,104
2026-09-03,15:07,121
2026-09-03,15:08,121
2026-09-03,15:09,106
2026-09-03,15:10,95
2026-09-03,15:11,102
2026-09-03,15:12,117
2026-09-03,15:13,117
2026-09-03,15:14,113
2026-09-03,15:15,121
2026-09-03,15:16,122
2026-09-03,15:17,125
2026-09-03,15:18,114
2026-09-03,15:19,107
2026-09-03,15:20,107
2026-09-03,15:24,107
2026-09-03,15:25,114
2026-09-03,15:30,107
2026-09-03,15:35,107
2026-09-03,15:40,104
2026-09-03,15:45,99
2026-09-03,15:50,100
2026-09-03,15:55,100
2026-09-03,16:00,107
2026-09-03,16:05,107
2026-09-03,16:10,104
2026-09-03,16:15,102
2026-09-03,16:20,101
2026-09-03,16:25,95
2026-09-03,16:30,93
2026-09-03,16:35,98
2026-09-03,16:40,100
2026-09-03,16:45,100
2026-09-03,16:50,100
2026-09-03,16:55,97
2026-09-03,17:00,96
2026-09-03,17:05,93
2026-09-03,17:10,91
2026-09-03,17:13,105
2026-09-03,17:14,112
2026-09-03,17:15,115
2026-09-03,17:16,112
2026-09-03,17:17,113
2026-09-03,17:18,108
2026-09-03,17:19,108
2026-09-03,17:20,106
2026-09-03,17:25,106
2026-09-03,17:30,103
2026-09-03,17:35,103
2026-09-03,17:40,99
2026-09-03,17:45,98
2026-09-03,17:46,100
2026-09-03,17:50,106
2026-09-03,17:55,111
2026-09-03,18:00,106
2026-09-03,18:01,100
2026-09-03,18:02,99
2026-09-03,18:03,97
2026-09-03,18:05,90
2026-09-03,18:10,95
2026-09-03,18:15,100
2026-09-03,18:20,97
2026-09-03,18:24,100
2026-09-03,18:25,104
2026-09-03,18:30,102
2026-09-03,18:35,104
2026-09-03,18:37,113
2026-09-03,18:38,119
2026-09-03,18:39,114
2026-09-03,18:40,106
2026-09-03,18:41,111
2026-09-03,18:42,118
2026-09-03,18:43,114
2026-09-03,18:45,108
2026-09-03,18:47,104
2026-09-03,18:50,108
2026-09-03,18:54,110
2026-09-03,18:55,111
2026-09-03,19:00,103
2026-09-03,19:05,99
2026-09-03,19:10,95
2026-09-03,19:15,95
2026-09-03,20:20,101
2026-09-03,20:25,106
2026-09-03,20:30,106
2026-09-03,20:35,104
2026-09-03,20:40,106
2026-09-03,20:45,105
2026-09-03,20:50,105
2026-09-03,20:55,104
2026-09-03,21:00,102
2026-09-03,21:05,101
2026-09-03,21:10,97
2026-09-03,21:15,91
2026-09-03,21:20,91
2026-09-03,21:25,93
2026-09-03,21:30,95
2026-09-03,21:35,93
2026-09-03,21:40,93
2026-09-03,21:45,93
2026-09-03,21:50,96
2026-09-03,21:55,98
2026-09-03,22:00,100
2026-09-03,22:05,101
2026-09-03,22:10,106
2026-09-03,22:12,108
2026-09-03,22:13,113
2026-09-03,22:15,115
2026-09-03,22:16,122
2026-09-03,22:17,121
2026-09-03,22:18,118
2026-09-03,22:19,112
2026-09-03,22:20,109
2026-09-03,22:25,101
2026-09-03,22:30,93
2026-09-03,22:35,91
2026-09-03,22:40,92
2026-09-03,22:45,89
2026-09-03,22:50,87
2026-09-03,22:55,84
2026-09-03,23:00,80
2026-09-03,23:01,77
2026-09-03,23:02,76
2026-09-03,23:03,75
2026-09-03,23:04,76
2026-09-03,23:05,76
2026-09-03,23:06,75
2026-09-03,23:07,75
2026-09-03,23:08,74
2026-09-03,23:09,73
2026-09-03,23:10,73
2026-09-03,23:11,73
2026-09-03,23:12,72
2026-09-03,23:13,72
2026-09-03,23:14,69
2026-09-03,23:15,67
2026-09-03,23:16,68
2026-09-03,23:17,70
2026-09-03,23:18,71
2026-09-03,23:19,72
2026-09-03,23:20,71
2026-09-03,23:21,71
2026-09-03,23:22,71
2026-09-03,23:23,71
2026-09-03,23:24,70
2026-09-03,23:25,70
2026-09-03,23:26,72
2026-09-03,23:27,74
2026-09-03,23:28,74
2026-09-03,23:29,74
2026-09-03,23:30,74
2026-09-03,23:31,72
2026-09-03,23:32,70
2026-09-03,23:33,69
2026-09-03,23:34,77
2026-09-03,23:35,76
2026-09-03,23:36,73
2026-09-03,23:37,67
2026-09-03,23:38,65
2026-09-03,23:39,65
2026-09-03,23:40,65
2026-09-03,23:41,65
2026-09-03,23:42,65
2026-09-03,23:43,65
2026-09-03,23:44,65
2026-09-03,23:45,65
2026-09-03,23:46,63
2026-09-03,23:47,63
2026-09-03,23:48,63
2026-09-03,23:49,68
2026-09-03,23:50,65
2026-09-03,23:51,66
2026-09-03,23:52,68
2026-09-03,23:53,78
2026-09-03,23:54,78
2026-09-03,23:55,69
2026-09-03,23:56,65
2026-09-03,23:57,63
2026-09-03,23:58,63
2026-09-03,23:59,62
2026-09-04,00:00,65
2026-09-04,00:01,67
2026-09-04,00:02,67
2026-09-04,00:03,65
2026-09-04,00:04,64
2026-09-04,00:05,64
2026-09-04,00:06,75
2026-09-04,00:07,73
2026-09-04,00:08,69
2026-09-04,00:09,66
2026-09-04,00:10,63
2026-09-04,00:11,60
2026-09-04,00:12,60
2026-09-04,00:13,62
2026-09-04,00:14,66
2026-09-04,00:15,76
2026-09-04,00:16,78
2026-09-04,00:17,80
2026-09-04,00:18,77
2026-09-04,00:19,74
2026-09-04,00:20,71
2026-09-04,00:21,68
2026-09-04,00:22,65
2026-09-04,00:23,64
2026-09-04,00:24,64
2026-09-04,00:25,64
2026-09-04,00:26,65
2026-09-04,00:27,65
2026-09-04,00:28,64
2026-09-04,00:29,64
2026-09-04,00:30,64
2026-09-04,00:31,65
2026-09-04,00:32,65
2026-09-04,00:33,65
2026-09-04,00:34,67
2026-09-04,00:35,64
2026-09-04,00:36,64
2026-09-04,00:37,66
2026-09-04,00:38,67
2026-09-04,00:39,67
2026-09-04,00:40,66
2026-09-04,00:41,64
2026-09-04,00:42,62
2026-09-04,00:43,62
2026-09-04,00:44,64
2026-09-04,00:45,64
2026-09-04,00:46,65
2026-09-04,00:47,65
2026-09-04,00:48,66
2026-09-04,00:49,66
2026-09-04,00:50,66
2026-09-04,00:51,63
2026-09-04,00:52,61
2026-09-04,00:53,61
2026-09-04,00:54,61
2026-09-04,00:55,62
2026-09-04,00:56,63
2026-09-04,00:57,63
2026-09-04,00:58,63
2026-09-04,00:59,76
2026-09-04,01:00,76
2026-09-04,01:01,66
2026-09-04,01:02,63
2026-09-04,01:03,62
2026-09-04,01:04,61
2026-09-04,01:05,61
2026-09-04,01:06,61
2026-09-04,01:07,62
2026-09-04,01:08,62
2026-09-04,01:09,63
2026-09-04,01:10,63
2026-09-04,01:11,63
2026-09-04,01:12,63
2026-09-04,01:13,64
2026-09-04,01:14,65
2026-09-04,01:15,63
2026-09-04,01:16,63
2026-09-04,01:17,65
2026-09-04,01:18,65
2026-09-04,01:19,65
2026-09-04,01:20,65
2026-09-04,01:21,65
2026-09-04,01:22,64
2026-09-04,01:23,62
2026-09-04,01:24,61
2026-09-04,01:25,63
2026-09-04,01:26,64
2026-09-04,01:27,64
2026-09-04,01:28,64
2026-09-04,01:29,64
2026-09-04,01:30,64
2026-09-04,01:31,64
2026-09-04,01:32,79
2026-09-04,01:33,80
2026-09-04,01:34,78
2026-09-04,01:35,75
2026-09-04,01:36,74
2026-09-04,01:37,70
2026-09-04,01:38,72
2026-09-04,01:39,72
2026-09-04,01:40,72
2026-09-04,01:41,74
2026-09-04,01:42,75
2026-09-04,01:43,72
2026-09-04,01:44,72
2026-09-04,01:45,72
2026-09-04,01:46,77
2026-09-04,01:47,69
2026-09-04,01:48,69
2026-09-04,01:49,73
2026-09-04,01:50,73
2026-09-04,01:51,70
2026-09-04,01:52,68
2026-09-04,01:53,67
2026-09-04,01:54,67
2026-09-04,01:55,67
2026-09-04,01:56,67
2026-09-04,01:57,66
2026-09-04,01:58,66
2026-09-04,01:59,71
2026-09-04,02:00,76
2026-09-04,02:01,73
2026-09-04,02:02,70
2026-09-04,02:03,68
2026-09-04,02:04,67
2026-09-04,02:05,68
2026-09-04,02:06,68
2026-09-04,02:07,68
2026-09-04,02:08,68
2026-09-04,02:09,69
2026-09-04,02:10,69
2026-09-04,02:11,68
2026-09-04,02:12,67
2026-09-04,02:13,68
2026-09-04,02:14,67
2026-09-04,02:15,66
2026-09-04,02:16,66
2026-09-04,02:17,66
2026-09-04,02:18,66
2026-09-04,02:19,65
2026-09-04,02:20,66
2026-09-04,02:21,65
2026-09-04,02:22,65
2026-09-04,02:23,65
2026-09-04,02:24,65
2026-09-04,02:25,65
2026-09-04,02:26,65
2026-09-04,02:27,72
2026-09-04,02:28,79
2026-09-04,02:29,71
2026-09-04,02:30,66
2026-09-04,02:31,66
2026-09-04,02:32,66
2026-09-04,02:33,65
2026-09-04,02:34,63
2026-09-04,02:35,63
2026-09-04,02:36,65
2026-09-04,02:37,67
2026-09-04,02:38,68
2026-09-04,02:39,67
2026-09-04,02:40,68
2026-09-04,02:41,69
2026-09-04,02:42,69
2026-09-04,02:43,68
2026-09-04,02:44,67
2026-09-04,02:45,68
2026-09-04,02:46,67
2026-09-04,02:47,66
2026-09-04,02:48,66
2026-09-04,02:49,68
2026-09-04,02:50,67
2026-09-04,02:51,68
2026-09-04,02:52,68
2026-09-04,02:53,84
2026-09-04,02:54,84
2026-09-04,02:55,77
2026-09-04,02:56,71
2026-09-04,02:57,71
2026-09-04,02:58,68
2026-09-04,02:59,70
2026-09-04,03:00,75
2026-09-04,03:01,80
2026-09-04,03:02,74
2026-09-04,03:03,68
2026-09-04,03:04,65
2026-09-04,03:05,65
2026-09-04,03:06,66
2026-09-04,03:07,67
2026-09-04,03:08,66
2026-09-04,03:09,69
2026-09-04,03:10,75
2026-09-04,03:11,75
2026-09-04,03:12,74
2026-09-04,03:13,71
2026-09-04,03:14,69
2026-09-04,03:15,65
2026-09-04,03:16,63
2026-09-04,03:17,69
2026-09-04,03:18,71
2026-09-04,03:19,71
2026-09-04,03:20,69
2026-09-04,03:21,73
2026-09-04,03:22,68
2026-09-04,03:23,69
2026-09-04,03:24,66
2026-09-04,03:25,67
2026-09-04,03:26,82
2026-09-04,03:27,86
2026-09-04,03:28,82
2026-09-04,03:29,78
2026-09-04,03:30,75
2026-09-04,03:31,71
2026-09-04,03:32,70
2026-09-04,03:33,70
2026-09-04,03:34,69
2026-09-04,03:35,69
2026-09-04,03:36,71
2026-09-04,03:37,72
2026-09-04,03:38,72
2026-09-04,03:39,73
2026-09-04,03:40,72
2026-09-04,03:41,69
2026-09-04,03:42,75
2026-09-04,03:43,78
2026-09-04,03:44,77
2026-09-04,03:45,74
2026-09-04,03:46,73
2026-09-04,03:47,72
2026-09-04,03:48,72
2026-09-04,03:49,71
2026-09-04,03:50,71
2026-09-04,03:51,71
2026-09-04,03:52,71
2026-09-04,03:53,71
2026-09-04,03:54,72
2026-09-04,03:55,72
2026-09-04,03:56,71
2026-09-04,03:57,71
2026-09-04,03:58,70
2026-09-04,03:59,70
2026-09-04,04:00,70
2026-09-04,04:01,70
2026-09-04,04:02,70
2026-09-04,04:03,70
2026-09-04,04:04,71
2026-09-04,04:05,71
2026-09-04,04:06,70
2026-09-04,04:07,70
2026-09-04,04:08,70
2026-09-04,04:09,70
2026-09-04,04:10,71
2026-09-04,04:11,71
2026-09-04,04:12,73
2026-09-04,04:13,75
2026-09-04,04:14,73
2026-09-04,04:15,72
2026-09-04,04:16,72
2026-09-04,04:17,78
2026-09-04,04:18,79
2026-09-04,04:19,76
2026-09-04,04:20,72
2026-09-04,04:21,71
2026-09-04,04:22,71
2026-09-04,04:23,74
2026-09-04,04:24,75
2026-09-04,04:25,71
2026-09-04,04:26,70
2026-09-04,04:27,72
2026-09-04,04:28,73
2026-09-04,04:29,66
2026-09-04,04:30,66
2026-09-04,04:31,71
2026-09-04,04:32,70
2026-09-04,04:33,70
2026-09-04,04:34,69
2026-09-04,04:35,66
2026-09-04,04:36,76
2026-09-04,04:37,76
2026-09-04,04:38,74
2026-09-04,04:39,72
2026-09-04,04:40,69
2026-09-04,04:41,73
2026-09-04,04:42,72
2026-09-04,04:43,66
2026-09-04,04:44,68
2026-09-04,04:45,73
2026-09-04,04:46,70
2026-09-04,04:47,66
2026-09-04,04:48,72
2026-09-04,04:49,74
2026-09-04,04:50,74
2026-09-04,04:51,69
2026-09-04,04:52,65
2026-09-04,04:53,65
2026-09-04,04:54,65
2026-09-04,04:55,65
2026-09-04,04:56,77
2026-09-04,04:57,74
2026-09-04,04:58,73
2026-09-04,04:59,75
2026-09-04,05:00,76
2026-09-04,05:01,76
2026-09-04,05:02,76
2026-09-04,05:03,78
2026-09-04,05:04,78
2026-09-04,05:05,77
2026-09-04,05:06,71
2026-09-04,05:07,68
2026-09-04,05:08,70
2026-09-04,05:09,72
2026-09-04,05:10,74
2026-09-04,05:11,76
2026-09-04,05:12,76
2026-09-04,05:13,76
2026-09-04,05:14,73
2026-09-04,05:15,73
2026-09-04,05:16,75
2026-09-04,05:17,76
2026-09-04,05:18,74
2026-09-04,05:19,71
2026-09-04,05:20,71
2026-09-04,05:21,71
2026-09-04,05:22,70
2026-09-04,05:23,70
2026-09-04,05:24,72
2026-09-04,05:25,74
2026-09-04,05:26,74
2026-09-04,05:27,74
2026-09-04,05:28,74
2026-09-04,05:29,72
2026-09-04,05:30,72
2026-09-04,05:31,73
2026-09-04,05:32,72
2026-09-04,05:33,74
2026-09-04,05:34,71
2026-09-04,05:35,80
2026-09-04,05:36,80
2026-09-04,05:37,77
2026-09-04,05:38,74
2026-09-04,05:39,74
2026-09-04,05:40,76
2026-09-04,05:41,78
2026-09-04,05:42,75
2026-09-04,05:43,75
2026-09-04,05:44,74
2026-09-04,05:45,75
2026-09-04,05:46,77
2026-09-04,05:47,74
2026-09-04,05:48,81
2026-09-04,05:49,81
2026-09-04,05:50,81
2026-09-04,05:51,81
2026-09-04,05:52,84
2026-09-04,05:53,86
2026-09-04,05:54,84
2026-09-04,05:55,85
2026-09-04,05:56,88
2026-09-04,05:57,87
2026-09-04,05:58,86
2026-09-04,05:59,83
2026-09-04,06:00,83
2026-09-04,06:01,84
2026-09-04,06:02,84
2026-09-04,06:03,84
2026-09-04,06:04,84
2026-09-04,06:05,78
2026-09-04,06:06,75
2026-09-04,06:07,74
2026-09-04,06:08,76
2026-09-04,06:09,76
2026-09-04,06:10,82
2026-09-04,06:11,81
2026-09-04,06:12,80
2026-09-04,06:13,80
2026-09-04,06:14,85
2026-09-04,06:15,91
2026-09-04,06:16,102
2026-09-04,06:17,108
2026-09-04,06:18,105
2026-09-04,06:19,105
2026-09-04,06:20,105
2026-09-04,06:21,105
2026-09-04,06:22,103
2026-09-04,06:23,103
2026-09-04,06:24,108
2026-09-04,06:25,115
2026-09-04,06:26,115
2026-09-04,06:30,108
2026-09-04,06:35,100
2026-09-04,06:39,108
2026-09-04,06:40,118
2026-09-04,06:41,118
2026-09-04,06:45,109
2026-09-04,06:50,109
2026-09-04,06:55,107
2026-09-04,06:59,106
2026-09-04,07:00,104
2026-09-04,07:02,103
2026-09-04,07:03,106
2026-09-04,07:05,105
2026-09-04,07:10,100
2026-09-04,07:15,102
2026-09-04,07:20,103
2026-09-04,07:25,97
2026-09-04,07:30,94
2026-09-04,07:35,99
2026-09-04,07:37,107
2026-09-04,07:38,104
2026-09-04,07:39,105
2026-09-04,07:40,107
2026-09-04,07:41,107
2026-09-04,07:45,108
2026-09-04,07:50,107
2026-09-04,07:55,105
2026-09-04,08:00,106
2026-09-04,08:02,108
2026-09-04,08:05,100
2026-09-04,08:10,92
2026-09-04,08:15,93
2026-09-04,08:20,93
2026-09-04,08:25,95
2026-09-04,08:30,99
2026-09-04,08:35,98
2026-09-04,08:40,101
2026-09-04,08:45,103
2026-09-04,08:50,103
2026-09-04,08:55,105
2026-09-04,09:00,104
2026-09-04,09:05,103
2026-09-04,09:10,100
2026-09-04,09:15,96
2026-09-04,09:20,96
2026-09-04,09:21,97
2026-09-04,09:22,101
2026-09-04,09:24,103
2026-09-04,09:25,103
2026-09-04,09:26,107
2026-09-04,09:30,104
2026-09-04,09:35,100
2026-09-04,09:40,95
2026-09-04,09:45,97
2026-09-04,09:50,109
2026-09-04,09:51,114
2026-09-04,09:52,118
2026-09-04,09:53,120
2026-09-04,09:54,120
2026-09-04,09:55,119
2026-09-04,10:00,111
2026-09-04,10:05,103
2026-09-04,10:10,100
2026-09-04,10:15,98
2026-09-04,10:20,99
2026-09-04,10:25,99
2026-09-04,10:30,96
2026-09-04,10:35,96
2026-09-04,10:40,102
2026-09-04,10:45,102
2026-09-04,10:50,96
2026-09-04,10:55,94
2026-09-04,11:00,93
2026-09-04,11:05,92
2026-09-04,11:10,93
2026-09-04,11:15,91
2026-09-04,11:20,93
2026-09-04,11:25,97
2026-09-04,11:30,96
2026-09-04,11:35,96
2026-09-04,11:40,95
2026-09-04,11:44,102
2026-09-04,11:45,109
2026-09-04,11:46,114
2026-09-04,11:47,119
2026-09-04,11:48,123
2026-09-04,11:49,127
2026-09-04,11:50,111
2026-09-04,11:51,122
2026-09-04,11:52,127
2026-09-04,11:53,121
2026-09-04,11:54,119
2026-09-04,11:55,122
2026-09-04,11:56,124
2026-09-04,11:57,118
2026-09-04,11:58,110
2026-09-04,12:00,107
2026-09-04,12:05,108
2026-09-04,12:10,110
2026-09-04,12:11,121
2026-09-04,12:12,126
2026-09-04,12:13,130
2026-09-04,12:14,138
2026-09-04,12:15,128
2026-09-04,12:16,117
2026-09-04,12:17,109
2026-09-04,12:20,103
2026-09-04,12:25,101
2026-09-04,12:30,97
2026-09-04,12:35,99
2026-09-04,12:40,100
2026-09-04,12:45,98
2026-09-04,12:50,96
2026-09-04,12:55,96
2026-09-04,13:00,97
2026-09-04,13:05,98
2026-09-04,13:10,98
2026-09-04,13:15,98
2026-09-04,13:20,98
2026-09-04,13:25,104
2026-09-04,13:26,103
2026-09-04,13:27,107
2026-09-04,13:30,103
2026-09-04,13:35,93
2026-09-04,13:40,94
2026-09-04,13:45,95
2026-09-04,13:50,96
2026-09-04,13:55,96
2026-09-04,14:00,96
2026-09-04,14:05,94
2026-09-04,14:10,92
2026-09-04,14:15,95
2026-09-04,14:20,97
2026-09-04,14:25,104
2026-09-04,14:30,104
2026-09-04,14:35,103
2026-09-04,14:40,99
2026-09-04,14:45,96
2026-09-04,14:50,93
2026-09-04,14:55,95
2026-09-04,15:00,99
2026-09-04,15:05,101
2026-09-04,15:10,99
2026-09-04,15:15,98
2026-09-04,15:20,100
2026-09-04,15:21,108
2026-09-04,15:22,115
2026-09-04,15:23,119
2026-09-04,15:25,111
2026-09-04,15:28,116
2026-09-04,15:29,122
2026-09-04,15:30,113
2026-09-04,15:31,107
2026-09-04,15:35,104
2026-09-04,15:40,101
2026-09-04,15:45,101
2026-09-04,15:48,116
2026-09-04,15:49,106
2026-09-04,15:50,111
2026-09-04,15:51,113
2026-09-04,15:53,115
2026-09-04,15:55,112
2026-09-04,16:00,106
2026-09-04,16:05,102
2026-09-04,16:10,99
2026-09-04,16:15,95
2026-09-04,16:20,92
2026-09-04,16:25,89
2026-09-04,16:30,94
2026-09-04,16:35,98
2026-09-04,16:40,95
2026-09-04,16:45,90
2026-09-04,16:50,90
2026-09-04,16:55,87
2026-09-04,17:00,87
2026-09-04,17:05,89
2026-09-04,17:10,88
2026-09-04,17:15,88
2026-09-04,17:20,95
2026-09-04,17:25,100
2026-09-04,17:30,102
2026-09-04,17:35,109
2026-09-04,17:39,109
2026-09-04,17:40,100
2026-09-04,17:45,95
2026-09-04,17:50,93
2026-09-04,17:55,95
2026-09-04,18:00,98
2026-09-04,18:02,102
2026-09-04,18:05,99
2026-09-04,18:10,96
2026-09-04,18:15,95
2026-09-04,18:18,95
2026-09-04,18:20,97
2026-09-04,18:25,99
2026-09-04,18:28,100
2026-09-04,18:30,99
2026-09-04,18:35,98
2026-09-04,18:40,103
2026-09-04,18:45,105
2026-09-04,18:50,97
2026-09-04,18:55,89
2026-09-04,19:00,90
2026-09-04,19:05,95
2026-09-04,19:06,97
2026-09-04,19:07,99
2026-09-04,19:09,99
2026-09-04,19:10,92
2026-09-04,19:15,94
2026-09-04,19:20,101
2026-09-04,19:21,103
2026-09-04,19:22,108
2026-09-04,19:25,100
2026-09-04,19:30,97
2026-09-04,19:35,93
2026-09-04,19:40,90
2026-09-04,19:45,90
2026-09-04,19:50,89
2026-09-04,19:55,87
2026-09-04,20:00,89
2026-09-04,20:04,100
2026-09-04,20:05,96
2026-09-04,20:10,98
2026-09-04,20:11,105
2026-09-04,20:12,103
2026-09-04,20:13,106
2026-09-04,20:14,106
2026-09-04,20:15,105
2026-09-04,20:20,109
2026-09-04,20:24,100
2026-09-04,20:25,97
2026-09-04,20:30,100
2026-09-04,20:35,97
2026-09-04,20:40,94
2026-09-04,20:45,90
2026-09-04,20:50,95
2026-09-04,20:55,95
2026-09-04,21:00,92
2026-09-04,21:05,89
2026-09-04,21:10,86
2026-09-04,21:15,86
2026-09-04,21:20,91
2026-09-04,21:25,95
2026-09-04,21:30,94
2026-09-04,21:35,96
2026-09-04,21:40,98
2026-09-04,21:45,99
2026-09-04,21:50,99
2026-09-04,21:55,96
2026-09-04,22:00,96
2026-09-04,22:05,95
2026-09-04,22:10,93
2026-09-04,22:15,94
2026-09-04,22:20,97
2026-09-04,22:25,94
2026-09-04,22:30,92
2026-09-04,22:34,90
2026-09-04,22:35,99
2026-09-04,22:36,106
2026-09-04,22:40,95
2026-09-04,22:45,92
2026-09-04,22:50,101
2026-09-04,22:55,102
2026-09-04,23:00,107
2026-09-04,23:05,107
2026-09-04,23:10,101
2026-09-04,23:15,96
2026-09-04,23:20,91
2026-09-04,23:25,85
2026-09-04,23:30,80
2026-09-04,23:35,90
2026-09-04,23:40,92
2026-09-04,23:45,84
2026-09-04,23:49,78
2026-09-04,23:50,72
2026-09-04,23:51,69
2026-09-04,23:52,69
2026-09-04,23:53,70
2026-09-04,23:54,69
2026-09-04,23:55,70
2026-09-04,23:56,71
2026-09-04,23:57,72
2026-09-04,23:58,71
2026-09-04,23:59,70
2026-09-05,00:00,70
2026-09-05,00:01,75
2026-09-05,00:02,76
2026-09-05,00:03,76
2026-09-05,00:04,73
2026-09-05,00:05,74
2026-09-05,00:06,74
2026-09-05,00:07,71
2026-09-05,00:08,70
2026-09-05,00:09,68
2026-09-05,00:10,66
2026-09-05,00:11,65
2026-09-05,00:12,64
2026-09-05,00:13,64
2026-09-05,00:14,64
2026-09-05,00:15,65
2026-09-05,00:16,66
2026-09-05,00:17,67
2026-09-05,00:18,67
2026-09-05,00:19,66
2026-09-05,00:20,66
2026-09-05,00:21,66
2026-09-05,00:22,66
2026-09-05,00:23,66
2026-09-05,00:24,64
2026-09-05,00:25,65
2026-09-05,00:26,65
2026-09-05,00:27,67
2026-09-05,00:28,67
2026-09-05,00:29,67
2026-09-05,00:30,81
2026-09-05,00:31,80
2026-09-05,00:32,74
2026-09-05,00:33,73
2026-09-05,00:34,84
2026-09-05,00:35,79
2026-09-05,00:36,75
2026-09-05,00:37,71
2026-09-05,00:38,67
2026-09-05,00:39,63
2026-09-05,00:40,60
2026-09-05,00:41,62
2026-09-05,00:42,64
2026-09-05,00:43,64
2026-09-05,00:44,67
2026-09-05,00:45,67
2026-09-05,00:46,64
2026-09-05,00:47,62
2026-09-05,00:48,63
2026-09-05,00:49,65
2026-09-05,00:50,66
2026-09-05,00:51,68
2026-09-05,00:52,70
2026-09-05,00:53,72
2026-09-05,00:54,69
2026-09-05,00:55,67
2026-09-05,00:56,64
2026-09-05,00:57,61
2026-09-05,00:58,67
2026-09-05,00:59,69
2026-09-05,01:00,69
2026-09-05,01:01,69
2026-09-05,01:02,69
2026-09-05,01:03,69
2026-09-05,01:04,74
2026-09-05,01:05,89
2026-09-05,01:06,93
2026-09-05,01:07,95
2026-09-05,01:08,84
2026-09-05,01:09,73
2026-09-05,01:10,68
2026-09-05,01:11,64
2026-09-05,01:12,64
2026-09-05,01:13,64
2026-09-05,01:14,66
2026-09-05,01:15,66
2026-09-05,01:16,66
2026-09-05,01:17,68
2026-09-05,01:18,66
2026-09-05,01:19,65
2026-09-05,01:20,65
2026-09-05,01:21,66
2026-09-05,01:22,66
2026-09-05,01:23,66
2026-09-05,01:24,66
2026-09-05,01:25,67
2026-09-05,01:26,66
2026-09-05,01:27,65
2026-09-05,01:28,65
2026-09-05,01:29,64
2026-09-05,01:30,63
2026-09-05,01:31,63
2026-09-05,01:32,63
2026-09-05,01:33,63
2026-09-05,01:34,63
2026-09-05,01:35,64
2026-09-05,01:36,65
2026-09-05,01:37,65
2026-09-05,01:38,65
2026-09-05,01:39,64
2026-09-05,01:40,64
2026-09-05,01:41,61
2026-09-05,01:42,63
2026-09-05,01:43,63
2026-09-05,01:44,61
2026-09-05,01:45,60
2026-09-05,01:46,60
2026-09-05,01:47,60
2026-09-05,01:48,61
2026-09-05,01:49,60
2026-09-05,01:50,59
2026-09-05,01:51,59
2026-09-05,01:52,59
2026-09-05,01:53,59
2026-09-05,01:54,59
2026-09-05,01:55,62
2026-09-05,01:56,64
2026-09-05,01:57,63
2026-09-05,01:58,63
2026-09-05,01:59,63
2026-09-05,02:00,63
2026-09-05,02:01,63
2026-09-05,02:02,63
2026-09-05,02:03,64
2026-09-05,02:04,64
2026-09-05,02:05,65
2026-09-05,02:06,65
2026-09-05,02:07,77
2026-09-05,02:08,79
2026-09-05,02:09,73
2026-09-05,02:10,73
2026-09-05,02:11,64
2026-09-05,02:12,65
2026-09-05,02:13,64
2026-09-05,02:14,64
2026-09-05,02:15,64
2026-09-05,02:16,68
2026-09-05,02:17,70
2026-09-05,02:18,70
2026-09-05,02:19,69
2026-09-05,02:20,67
2026-09-05,02:21,66
2026-09-05,02:22,66
2026-09-05,02:23,66
2026-09-05,02:24,66
2026-09-05,02:25,67
2026-09-05,02:26,68
2026-09-05,02:27,67
2026-09-05,02:28,76
2026-09-05,02:29,75
2026-09-05,02:30,86
2026-09-05,02:31,86
2026-09-05,02:32,83
2026-09-05,02:33,83
2026-09-05,02:34,78
2026-09-05,02:35,73
2026-09-05,02:36,72
2026-09-05,02:37,72
2026-09-05,02:38,73
2026-09-05,02:39,73
2026-09-05,02:40,73
2026-09-05,02:41,74
2026-09-05,02:42,74
2026-09-05,02:43,76
2026-09-05,02:44,76
2026-09-05,02:45,85
2026-09-05,02:46,80
2026-09-05,02:47,77
2026-09-05,02:48,71
2026-09-05,02:49,66
2026-09-05,02:50,66
2026-09-05,02:51,66
2026-09-05,02:52,73
2026-09-05,02:53,77
2026-09-05,02:54,77
2026-09-05,02:55,77
2026-09-05,02:56,74
2026-09-05,02:57,71
2026-09-05,02:58,71
2026-09-05,02:59,79
2026-09-05,03:00,73
2026-09-05,03:01,71
2026-09-05,03:02,67
2026-09-05,03:03,63
2026-09-05,03:04,63
2026-09-05,03:05,65
2026-09-05,03:06,65
2026-09-05,03:07,65
2026-09-05,03:08,64
2026-09-05,03:09,61
2026-09-05,03:10,61
2026-09-05,03:11,63
2026-09-05,03:12,61
2026-09-05,03:13,61
2026-09-05,03:14,65
2026-09-05,03:15,65
2026-09-05,03:16,65
2026-09-05,03:17,66
2026-09-05,03:18,67
2026-09-05,03:19,66
2026-09-05,03:20,66
2026-09-05,03:21,67
2026-09-05,03:22,68
2026-09-05,03:23,68
2026-09-05,03:24,68
2026-09-05,03:25,67
2026-09-05,03:26,67
2026-09-05,03:27,67
2026-09-05,03:28,67
2026-09-05,03:29,67
2026-09-05,03:30,68
2026-09-05,03:31,70
2026-09-05,03:32,70
2026-09-05,03:33,70
2026-09-05,03:34,70
2026-09-05,03:35,70
2026-09-05,03:36,69
2026-09-05,03:37,69
2026-09-05,03:38,68
2026-09-05,03:39,67
2026-09-05,03:40,66
2026-09-05,03:41,66
2026-09-05,03:42,65
2026-09-05,03:43,65
2026-09-05,03:44,64
2026-09-05,03:45,62
2026-09-05,03:46,64
2026-09-05,03:47,64
2026-09-05,03:48,64
2026-09-05,03:49,64
2026-09-05,03:50,64
2026-09-05,03:51,63
2026-09-05,03:52,64
2026-09-05,03:53,64
2026-09-05,03:54,64
2026-09-05,03:55,64
2026-09-05,03:56,63
2026-09-05,03:57,63
2026-09-05,03:58,65
2026-09-05,03:59,65
2026-09-05,04:00,65
2026-09-05,04:01,63
2026-09-05,04:02,62
2026-09-05,04:03,62
2026-09-05,04:04,62
2026-09-05,04:05,72
2026-09-05,04:06,78
2026-09-05,04:07,71
2026-09-05,04:08,69
2026-09-05,04:09,66
2026-09-05,04:10,66
2026-09-05,04:11,66
2026-09-05,04:12,66
2026-09-05,04:13,65
2026-09-05,04:14,70
2026-09-05,04:15,72
2026-09-05,04:16,70
2026-09-05,04:17,68
2026-09-05,04:18,67
2026-09-05,04:19,64
2026-09-05,04:20,62
2026-09-05,04:21,61
2026-09-05,04:22,61
2026-09-05,04:23,75
2026-09-05,04:24,77
2026-09-05,04:25,70
2026-09-05,04:26,65
2026-09-05,04:27,65
2026-09-05,04:28,62
2026-09-05,04:29,60
2026-09-05,04:30,60
2026-09-05,04:31,58
2026-09-05,04:32,58
2026-09-05,04:33,59
2026-09-05,04:34,65
2026-09-05,04:35,69
2026-09-05,04:36,73
2026-09-05,04:37,76
2026-09-05,04:38,73
2026-09-05,04:39,68
2026-09-05,04:40,68
2026-09-05,04:41,67
2026-09-05,04:42,63
2026-09-05,04:43,61
2026-09-05,04:44,63
2026-09-05,04:45,78
2026-09-05,04:46,80
2026-09-05,04:47,75
2026-09-05,04:48,72
2026-09-05,04:49,67
2026-09-05,04:50,65
2026-09-05,04:51,64
2026-09-05,04:52,65
2026-09-05,04:53,65
2026-09-05,04:54,64
2026-09-05,04:55,64
2026-09-05,04:56,64
2026-09-05,04:57,64
2026-09-05,04:58,63
2026-09-05,04:59,61
2026-09-05,05:00,63
2026-09-05,05:01,66
2026-09-05,05:02,67
2026-09-05,05:03,67
2026-09-05,05:04,67
2026-09-05,05:05,67
2026-09-05,05:06,69
2026-09-05,05:07,69
2026-09-05,05:08,68
2026-09-05,05:09,68
2026-09-05,05:10,69
2026-09-05,05:11,69
2026-09-05,05:12,71
2026-09-05,05:13,72
2026-09-05,05:14,70
2026-09-05,05:15,70
2026-09-05,05:16,69
2026-09-05,05:17,66
2026-09-05,05:18,66
2026-09-05,05:19,74
2026-09-05,05:20,80
2026-09-05,05:21,76
2026-09-05,05:22,72
2026-09-05,05:23,68
2026-09-05,05:24,68
2026-09-05,05:25,66
2026-09-05,05:26,63
2026-09-05,05:27,61
2026-09-05,05:28,60
2026-09-05,05:29,59
2026-09-05,05:30,59
2026-09-05,05:31,58
2026-09-05,05:32,58
2026-09-05,05:33,57
2026-09-05,05:34,58
2026-09-05,05:35,61
2026-09-05,05:36,61
2026-09-05,05:37,61
2026-09-05,05:38,66
2026-09-05,05:39,68
2026-09-05,05:40,64
2026-09-05,05:41,61
2026-09-05,05:42,61
2026-09-05,05:43,63
2026-09-05,05:44,64
2026-09-05,05:45,62
2026-09-05,05:46,62
2026-09-05,05:47,64
2026-09-05,05:48,65
2026-09-05,05:49,74
2026-09-05,05:50,76
2026-09-05,05:51,72
2026-09-05,05:52,68
2026-09-05,05:53,65
2026-09-05,05:54,69
2026-09-05,05:55,74
2026-09-05,05:56,74
2026-09-05,05:57,74
2026-09-05,05:58,76
2026-09-05,05:59,83
2026-09-05,06:00,85
2026-09-05,06:01,85
2026-09-05,06:02,85
2026-09-05,06:03,85
2026-09-05,06:04,85
2026-09-05,06:05,86
2026-09-05,06:06,86
2026-09-05,06:07,88
2026-09-05,06:08,90
2026-09-05,06:09,87
2026-09-05,06:10,92
2026-09-05,06:11,90
2026-09-05,06:12,87
2026-09-05,06:13,91
2026-09-05,06:14,93
2026-09-05,06:15,90
2026-09-05,06:16,83
2026-09-05,06:17,78
2026-09-05,06:18,77
2026-09-05,06:19,94
2026-09-05,06:20,95
2026-09-05,06:21,90
2026-09-05,06:22,82
2026-09-05,06:23,77
2026-09-05,06:24,78
2026-09-05,06:25,80
2026-09-05,06:26,84
2026-09-05,06:27,82
2026-09-05,06:28,82
2026-09-05,06:29,82
2026-09-05,06:30,84
2026-09-05,06:31,86
2026-09-05,06:32,84
2026-09-05,06:33,84
2026-09-05,06:34,85
2026-09-05,06:35,89
2026-09-05,06:36,86
2026-09-05,06:37,85
2026-09-05,06:38,82
2026-09-05,06:39,79
2026-09-05,06:40,79
2026-09-05,06:41,87
2026-09-05,06:42,86
2026-09-05,06:43,86
2026-09-05,06:44,85
2026-09-05,06:45,85
2026-09-05,06:46,85
2026-09-05,06:47,85
2026-09-05,06:48,82
2026-09-05,06:49,80
2026-09-05,06:50,81
2026-09-05,06:51,86
2026-09-05,06:52,93
2026-09-05,06:53,90
2026-09-05,06:54,92
2026-09-05,06:55,89
2026-09-05,06:56,90
2026-09-05,06:57,85
2026-09-05,06:58,82
2026-09-05,06:59,81
2026-09-05,07:00,79
2026-09-05,07:01,80
2026-09-05,07:02,79
2026-09-05,07:03,81
2026-09-05,07:04,82
2026-09-05,07:05,89
2026-09-05,07:06,96
2026-09-05,07:07,93
2026-09-05,07:08,90
2026-09-05,07:09,85
2026-09-05,07:10,85
2026-09-05,07:11,87
2026-09-05,07:12,95
2026-09-05,07:13,101
2026-09-05,07:14,103
2026-09-05,07:15,111
2026-09-05,07:16,110
2026-09-05,07:17,110
2026-09-05,07:18,109
2026-09-05,07:20,100
2026-09-05,07:22,99
2026-09-05,07:23,106
2026-09-05,08:25,106
2026-09-05,08:26,116
2026-09-05,08:27,127
2026-09-05,08:28,133
2026-09-05,08:29,125
2026-09-05,08:30,116
2026-09-05,08:31,109
2026-09-05,08:32,102
2026-09-05,08:33,99
2026-09-05,08:35,100
2026-09-05,08:36,102
2026-09-05,08:37,107
2026-09-05,08:39,117
2026-09-05,08:40,124
2026-09-05,08:41,121
2026-09-05,08:42,115
2026-09-05,08:43,110
2026-09-05,08:45,120
2026-09-05,08:46,132
2026-09-05,08:47,116
2026-09-05,08:48,120
2026-09-05,08:49,106
2026-09-05,08:50,111
2026-09-05,08:51,115
2026-09-05,08:52,112
2026-09-05,08:53,108
2026-09-05,08:54,108
2026-09-05,08:55,119
2026-09-05,09:00,118
2026-09-05,09:04,117
2026-09-05,09:05,113
2026-09-05,09:10,102
2026-09-05,09:15,93
2026-09-05,09:20,89
2026-09-05,09:25,91
2026-09-05,09:30,93
2026-09-05,09:35,91
2026-09-05,09:40,93
2026-09-05,09:41,96
2026-09-05,09:45,96
2026-09-05,09:50,94
2026-09-05,09:55,96
2026-09-05,10:00,99
2026-09-05,10:05,104
2026-09-05,10:10,106
2026-09-05,10:15,106
2026-09-05,10:20,103
2026-09-05,10:25,93
2026-09-05,10:30,85
2026-09-05,10:35,92
2026-09-05,10:40,94
2026-09-05,10:45,103
2026-09-05,10:50,104
2026-09-05,10:51,102
2026-09-05,10:52,109
2026-09-05,10:53,114
2026-09-05,10:54,114
2026-09-05,10:55,113
2026-09-05,10:56,111
2026-09-05,10:57,103
2026-09-05,11:00,107
2026-09-05,11:01,112
2026-09-05,11:04,104
2026-09-05,11:05,109
2026-09-05,11:06,110
2026-09-05,11:10,103
2026-09-05,11:15,96
2026-09-05,11:20,101
2026-09-05,11:25,108
2026-09-05,11:27,115
2026-09-05,11:28,120
2026-09-05,11:30,113
2026-09-05,11:35,108
2026-09-05,11:40,100
2026-09-05,11:45,97
2026-09-05,11:50,101
2026-09-05,11:55,103
2026-09-05,12:00,106
2026-09-05,12:05,101
2026-09-05,12:10,98
2026-09-05,12:15,96
2026-09-05,12:20,98
2026-09-05,12:25,103
2026-09-05,12:30,101
2026-09-05,12:35,101
2026-09-05,12:40,104
2026-09-05,12:45,106
2026-09-05,12:50,109
2026-09-05,12:55,112
2026-09-05,13:00,118
2026-09-05,13:05,119
2026-09-05,13:10,120
2026-09-05,13:15,120
2026-09-05,13:20,117
2026-09-05,13:25,112
2026-09-05,13:30,111
2026-09-05,13:35,112
2026-09-05,13:40,112
2026-09-05,13:45,110
2026-09-05,13:50,108
2026-09-05,13:55,105
2026-09-05,14:00,102
2026-09-05,14:05,102
2026-09-05,14:10,104
2026-09-05,14:15,109
2026-09-05,14:20,116
2026-09-05,14:25,119
2026-09-05,14:30,118
2026-09-05,14:35,113
2026-09-05,14:40,108
2026-09-05,14:45,107
2026-09-05,14:50,107
2026-09-05,14:55,105
2026-09-05,15:00,106
2026-09-05,15:03,106
2026-09-05,15:05,107
2026-09-05,15:10,100
2026-09-05,15:14,93
2026-09-05,15:15,93
2026-09-05,15:20,95
2026-09-05,15:25,100
2026-09-05,16:15,97
2026-09-05,16:17,97
2026-09-05,16:20,94
2026-09-05,16:25,88
2026-09-05,16:30,91
2026-09-05,16:35,93
2026-09-05,16:40,95
2026-09-05,16:45,100
2026-09-05,16:50,105
2026-09-05,16:55,106
2026-09-05,16:58,116
2026-09-05,16:59,116
2026-09-05,17:00,113
2026-09-05,17:05,109
2026-09-05,17:10,104
2026-09-05,17:15,105
2026-09-05,17:20,105
2026-09-05,17:25,105
2026-09-05,17:30,106
2026-09-05,17:32,110
2026-09-05,17:45,105
2026-09-05,17:46,101
2026-09-05,17:50,93
2026-09-05,17:55,95
2026-09-05,17:56,101
2026-09-05,17:57,108
2026-09-05,17:58,107
2026-09-05,18:00,104
2026-09-05,18:05,106
2026-09-05,18:06,102
2026-09-05,18:10,100
2026-09-05,18:15,103
2026-09-05,18:20,109
2026-09-05,18:25,110
2026-09-05,18:30,107
2026-09-05,18:35,104
2026-09-05,18:40,104
2026-09-05,18:45,105
2026-09-05,18:50,102
2026-09-05,18:55,102
2026-09-05,19:00,98
2026-09-05,19:05,93
2026-09-05,19:10,93
2026-09-05,19:15,91
2026-09-05,19:20,94
2026-09-05,19:25,97
2026-09-05,19:30,99
2026-09-05,19:35,101
2026-09-05,19:40,102
2026-09-05,19:45,105
2026-09-05,19:50,102
2026-09-05,19:55,95
2026-09-05,20:00,91
2026-09-05,20:05,92
2026-09-05,20:10,95
2026-09-05,20:15,95
2026-09-05,20:20,93
2026-09-05,20:25,92
2026-09-05,20:30,102
2026-09-05,20:35,104
2026-09-05,20:40,100
2026-09-05,20:45,99
2026-09-05,20:50,102
2026-09-05,20:55,94
2026-09-05,21:00,89
2026-09-05,21:05,87
2026-09-05,21:10,89
2026-09-05,21:15,89
2026-09-05,21:20,94
2026-09-05,21:25,98
2026-09-05,21:30,95
2026-09-05,21:35,93
2026-09-05,21:40,92
2026-09-05,21:45,89
2026-09-05,21:50,91
2026-09-05,21:55,92
2026-09-05,22:00,92
2026-09-05,22:05,92
2026-09-05,22:10,92
2026-09-05,22:15,92
2026-09-05,22:20,86
2026-09-05,22:25,88
2026-09-05,22:30,90
2026-09-05,22:35,92
2026-09-05,22:40,94
2026-09-05,22:42,94
2026-09-05,22:45,98
2026-09-05,22:46,100
2026-09-05,22:50,94
2026-09-05,22:55,86
2026-09-05,23:00,80
2026-09-05,23:05,85
2026-09-05,23:10,90
2026-09-05,23:15,87
2026-09-05,23:16,80
2026-09-05,23:17,75
2026-09-05,23:18,72
2026-09-05,23:19,68
2026-09-05,23:20,66
2026-09-05,23:21,66
2026-09-05,23:22,66
2026-09-05,23:23,66
2026-09-05,23:24,66
2026-09-05,23:25,66
2026-09-05,23:26,65
2026-09-05,23:27,66
2026-09-05,23:28,68
2026-09-05,23:29,68
2026-09-05,23:30,68
2026-09-05,23:31,68
2026-09-05,23:32,68
2026-09-05,23:33,67
2026-09-05,23:34,65
2026-09-05,23:35,65
2026-09-05,23:36,66
2026-09-05,23:37,66
2026-09-05,23:38,66
2026-09-05,23:39,66
2026-09-05,23:40,66
2026-09-05,23:41,64
2026-09-05,23:42,63
2026-09-05,23:43,63
2026-09-05,23:44,63
2026-09-05,23:45,63
2026-09-05,23:46,63
2026-09-05,23:47,73
2026-09-05,23:48,75
2026-09-05,23:49,65
2026-09-05,23:50,62
2026-09-05,23:51,61
2026-09-05,23:52,60
2026-09-05,23:53,59
2026-09-05,23:54,58
2026-09-05,23:55,58
2026-09-05,23:56,59
2026-09-05,23:57,64
2026-09-05,23:58,66
2026-09-05,23:59,64
2026-09-06,00:00,61
2026-09-06,00:01,59
2026-09-06,00:02,58
2026-09-06,00:03,58
2026-09-06,00:04,63
2026-09-06,00:05,62
2026-09-06,00:06,59
2026-09-06,00:07,59
2026-09-06,00:08,58
2026-09-06,00:09,58
2026-09-06,00:10,58
2026-09-06,00:11,72
2026-09-06,00:12,79
2026-09-06,00:13,75
2026-09-06,00:14,68
2026-09-06,00:15,65
2026-09-06,00:16,62
2026-09-06,00:17,62
2026-09-06,00:18,62
2026-09-06,00:19,62
2026-09-06,00:20,61
2026-09-06,00:21,61
2026-09-06,00:22,61
2026-09-06,00:23,62
2026-09-06,00:24,63
2026-09-06,00:25,63
2026-09-06,00:26,62
2026-09-06,00:27,61
2026-09-06,00:28,61
2026-09-06,00:29,62
2026-09-06,00:30,62
2026-09-06,00:31,61
2026-09-06,00:32,61
2026-09-06,00:33,61
2026-09-06,00:34,61
2026-09-06,00:35,61
2026-09-06,00:36,64
2026-09-06,00:37,66
2026-09-06,00:38,65
2026-09-06,00:39,64
2026-09-06,00:40,63
2026-09-06,00:41,63
2026-09-06,00:42,61
2026-09-06,00:43,61
2026-09-06,00:44,60
2026-09-06,00:45,60
2026-09-06,00:46,60
2026-09-06,00:47,60
2026-09-06,00:48,61
2026-09-06,00:49,61
2026-09-06,00:50,69
2026-09-06,00:51,71
2026-09-06,00:52,64
2026-09-06,00:53,61
2026-09-06,00:54,58
2026-09-06,00:55,63
2026-09-06,00:56,64
2026-09-06,00:57,64
2026-09-06,00:58,60
2026-09-06,00:59,60
2026-09-06,01:00,64
2026-09-06,01:01,68
2026-09-06,01:02,68
2026-09-06,01:03,68
2026-09-06,01:04,68
2026-09-06,01:05,68
2026-09-06,01:06,71
2026-09-06,01:07,71
2026-09-06,01:08,68
2026-09-06,01:09,65
2026-09-06,01:10,65
2026-09-06,01:11,62
2026-09-06,01:12,64
2026-09-06,01:13,66
2026-09-06,01:14,69
2026-09-06,01:15,67
2026-09-06,01:16,64
2026-09-06,01:17,62
2026-09-06,01:18,65
2026-09-06,01:19,67
2026-09-06,01:20,64
2026-09-06,01:21,61
2026-09-06,01:22,59
2026-09-06,01:23,62
2026-09-06,01:24,65
2026-09-06,01:25,65
2026-09-06,01:26,67
2026-09-06,01:27,66
2026-09-06,01:28,63
2026-09-06,01:29,62
2026-09-06,01:30,63
2026-09-06,01:31,63
2026-09-06,01:32,63
2026-09-06,01:33,62
2026-09-06,01:34,62
2026-09-06,01:35,64
2026-09-06,01:36,66
2026-09-06,01:37,66
2026-09-06,01:38,66
2026-09-06,01:39,65
2026-09-06,01:40,65
2026-09-06,01:41,64
2026-09-06,01:42,64
2026-09-06,01:43,64
2026-09-06,01:44,64
2026-09-06,01:45,64
2026-09-06,01:46,63
2026-09-06,01:47,64
2026-09-06,01:48,63
2026-09-06,01:49,63
2026-09-06,01:50,63
2026-09-06,01:51,62
2026-09-06,01:52,60
2026-09-06,01:53,60
2026-09-06,01:54,60
2026-09-06,01:55,62
2026-09-06,01:56,62
2026-09-06,01:57,61
2026-09-06,01:58,61
2026-09-06,01:59,63
2026-09-06,02:00,64
2026-09-06,02:01,72
2026-09-06,02:02,70
2026-09-06,02:03,67
2026-09-06,02:04,64
2026-09-06,02:05,63
2026-09-06,02:06,61
2026-09-06,02:07,68
2026-09-06,02:08,70
2026-09-06,02:09,67
2026-09-06,02:10,64
2026-09-06,02:11,63
2026-09-06,02:12,63
2026-09-06,02:13,62
2026-09-06,02:14,62
2026-09-06,02:15,62
2026-09-06,02:16,61
2026-09-06,02:17,60
2026-09-06,02:18,73
2026-09-06,02:19,72
2026-09-06,02:20,70
2026-09-06,02:21,73
2026-09-06,02:22,69
2026-09-06,02:23,65
2026-09-06,02:24,65
2026-09-06,02:25,62
2026-09-06,02:26,64
2026-09-06,02:27,71
2026-09-06,02:28,71
2026-09-06,02:29,71
2026-09-06,02:30,72
2026-09-06,02:31,71
2026-09-06,02:32,68
2026-09-06,02:33,65
2026-09-06,02:34,62
2026-09-06,02:35,62
2026-09-06,02:36,62
2026-09-06,02:37,67
2026-09-06,02:38,68
2026-09-06,02:39,66
2026-09-06,02:40,63
2026-09-06,02:41,62
2026-09-06,02:42,67
2026-09-06,02:43,69
2026-09-06,02:44,65
2026-09-06,02:45,64
2026-09-06,02:46,64
2026-09-06,02:47,63
2026-09-06,02:48,63
2026-09-06,02:49,62
2026-09-06,02:50,59
2026-09-06,02:51,62
2026-09-06,02:52,65
2026-09-06,02:53,65
2026-09-06,02:54,65
2026-09-06,02:55,64
2026-09-06,02:56,64
2026-09-06,02:57,61
2026-09-06,02:58,61
2026-09-06,02:59,58
2026-09-06,03:00,60
2026-09-06,03:01,72
2026-09-06,03:02,71
2026-09-06,03:03,69
2026-09-06,03:04,69
2026-09-06,03:05,71
2026-09-06,03:06,73
2026-09-06,03:07,74
2026-09-06,03:08,71
2026-09-06,03:09,71
2026-09-06,03:10,73
2026-09-06,03:11,72
2026-09-06,03:12,72
2026-09-06,03:13,73
2026-09-06,03:14,73
2026-09-06,03:15,75
2026-09-06,03:16,72
2026-09-06,03:17,67
2026-09-06,03:18,64
2026-09-06,03:19,63
2026-09-06,03:20,60
2026-09-06,03:21,58
2026-09-06,03:22,60
2026-09-06,03:23,63
2026-09-06,03:24,66
2026-09-06,03:25,67
2026-09-06,03:26,64
2026-09-06,03:27,60
2026-09-06,03:28,56
2026-09-06,03:29,57
2026-09-06,03:30,59
2026-09-06,03:31,66
2026-09-06,03:32,71
2026-09-06,03:33,70
2026-09-06,03:34,65
2026-09-06,03:35,63
2026-09-06,03:36,63
2026-09-06,03:37,63
2026-09-06,03:38,62
2026-09-06,03:39,62
2026-09-06,03:40,64
2026-09-06,03:41,65
2026-09-06,03:42,66
2026-09-06,03:43,66
2026-09-06,03:44,66
2026-09-06,03:45,63
2026-09-06,03:46,62
2026-09-06,03:47,62
2026-09-06,03:48,62
2026-09-06,03:49,62
2026-09-06,03:50,65
2026-09-06,03:51,63
2026-09-06,03:52,64
2026-09-06,03:53,64
2026-09-06,03:54,64
2026-09-06,03:55,64
2026-09-06,03:56,64
2026-09-06,03:57,64
2026-09-06,03:58,64
2026-09-06,03:59,63
2026-09-06,04:00,61
2026-09-06,04:01,62
2026-09-06,04:02,62
2026-09-06,04:03,63
2026-09-06,04:04,63
2026-09-06,04:05,63
2026-09-06,04:06,63
2026-09-06,04:07,63
2026-09-06,04:08,61
2026-09-06,04:09,61
2026-09-06,04:10,61
2026-09-06,04:11,74
2026-09-06,04:12,82
2026-09-06,04:13,78
2026-09-06,04:14,73
2026-09-06,04:15,70
2026-09-06,04:16,66
2026-09-06,04:17,63
2026-09-06,04:18,62
2026-09-06,04:19,63
2026-09-06,04:20,63
2026-09-06,04:21,64
2026-09-06,04:22,65
2026-09-06,04:23,65
2026-09-06,04:24,65
2026-09-06,04:25,73
2026-09-06,04:26,74
2026-09-06,04:27,72
2026-09-06,04:28,71
2026-09-06,04:29,71
2026-09-06,04:30,70
2026-09-06,04:31,76
2026-09-06,04:32,78
2026-09-06,04:33,74
2026-09-06,04:34,68
2026-09-06,04:35,65
2026-09-06,04:36,64
2026-09-06,04:37,64
2026-09-06,04:38,64
2026-09-06,04:39,63
2026-09-06,04:40,63
2026-09-06,04:41,63
2026-09-06,04:42,62
2026-09-06,04:43,62
2026-09-06,04:44,62
2026-09-06,04:45,61
2026-09-06,04:46,62
2026-09-06,04:47,61
2026-09-06,04:48,66
2026-09-06,04:49,65
2026-09-06,04:50,62
2026-09-06,04:51,66
2026-09-06,04:52,65
2026-09-06,04:53,65
2026-09-06,04:54,65
2026-09-06,04:55,64
2026-09-06,04:56,65
2026-09-06,04:57,65
2026-09-06,04:58,81
2026-09-06,04:59,71
2026-09-06,05:00,68
2026-09-06,05:01,64
2026-09-06,05:02,64
2026-09-06,05:03,66
2026-09-06,05:04,63
2026-09-06,05:05,63
2026-09-06,05:06,61
2026-09-06,05:07,60
2026-09-06,05:08,61
2026-09-06,05:09,61
2026-09-06,05:10,67
2026-09-06,05:11,67
2026-09-06,05:12,69
2026-09-06,05:13,68
2026-09-06,05:14,67
2026-09-06,05:15,66
2026-09-06,05:16,66
2026-09-06,05:17,65
2026-09-06,05:18,68
2026-09-06,05:19,73
2026-09-06,05:20,74
2026-09-06,05:21,73
2026-09-06,05:22,71
2026-09-06,05:23,69
2026-09-06,05:24,69
2026-09-06,05:25,75
2026-09-06,05:26,73
2026-09-06,05:27,72
2026-09-06,05:28,68
2026-09-06,05:29,82
2026-09-06,05:30,78
2026-09-06,05:31,69
2026-09-06,05:32,67
2026-09-06,05:33,67
2026-09-06,05:34,67
2026-09-06,05:35,68
2026-09-06,05:36,68
2026-09-06,05:37,68
2026-09-06,05:38,66
2026-09-06,05:39,66
2026-09-06,05:40,66
2026-09-06,05:41,66
2026-09-06,05:42,66
2026-09-06,05:43,66
2026-09-06,05:44,66
2026-09-06,05:45,65
2026-09-06,05:46,63
2026-09-06,05:47,63
2026-09-06,05:48,64
2026-09-06,05:49,64
2026-09-06,05:50,64
2026-09-06,05:51,64
2026-09-06,05:52,64
2026-09-06,05:53,65
2026-09-06,05:54,66
2026-09-06,05:55,71
2026-09-06,05:56,71
2026-09-06,05:57,68
2026-09-06,05:58,69
2026-09-06,05:59,70
2026-09-06,06:00,81
2026-09-06,06:01,75
2026-09-06,06:02,72
2026-09-06,06:03,69
2026-09-06,06:04,71
2026-09-06,06:05,70
2026-09-06,06:06,67
2026-09-06,06:07,66
2026-09-06,06:08,66
2026-09-06,06:09,66
2026-09-06,06:10,68
2026-09-06,06:11,68
2026-09-06,06:12,68
2026-09-06,06:13,65
2026-09-06,06:14,61
2026-09-06,06:15,59
2026-09-06,06:16,60
2026-09-06,06:17,62
2026-09-06,06:18,61
2026-09-06,06:19,60
2026-09-06,06:20,70
2026-09-06,06:21,72
2026-09-06,06:22,69
2026-09-06,06:23,66
2026-09-06,06:24,64
2026-09-06,06:25,64
2026-09-06,06:26,66
2026-09-06,06:27,66
2026-09-06,06:28,66
2026-09-06,06:29,64
2026-09-06,06:30,64
2026-09-06,06:31,66
2026-09-06,06:32,67
2026-09-06,06:33,68
2026-09-06,06:34,67
2026-09-06,06:35,64
2026-09-06,06:36,63
2026-09-06,06:37,62
2026-09-06,06:38,62
2026-09-06,06:39,62
2026-09-06,06:40,65
2026-09-06,06:41,66
2026-09-06,06:42,66
2026-09-06,06:43,68
2026-09-06,06:44,69
2026-09-06,06:45,66
2026-09-06,06:46,71
2026-09-06,06:47,80
2026-09-06,06:48,69
2026-09-06,06:49,82
2026-09-06,06:50,83
2026-09-06,06:51,80
2026-09-06,06:52,69
2026-09-06,06:53,74
2026-09-06,06:54,78
2026-09-06,06:55,80
2026-09-06,06:56,79
2026-09-06,06:57,82
2026-09-06,06:58,82
2026-09-06,06:59,82
2026-09-06,07:00,78
2026-09-06,07:01,78
2026-09-06,07:02,79
2026-09-06,07:03,80
2026-09-06,07:04,80
2026-09-06,07:05,83
2026-09-06,07:06,85
2026-09-06,07:07,90
2026-09-06,07:08,95
2026-09-06,07:09,87
2026-09-06,07:10,81
2026-09-06,07:11,83
2026-09-06,07:12,95
2026-09-06,07:13,103
2026-09-06,07:14,103
2026-09-06,07:15,105
2026-09-06,07:16,105
2026-09-06,07:17,102
2026-09-06,07:18,102
2026-09-06,07:20,102
2026-09-06,07:25,107
2026-09-06,07:26,109
2026-09-06,07:30,103
2026-09-06,07:35,95
2026-09-06,07:40,96
2026-09-06,07:45,103
2026-09-06,07:50,104
2026-09-06,07:55,100
2026-09-06,08:00,98
2026-09-06,08:05,95
2026-09-06,08:10,92
2026-09-06,08:15,92
2026-09-06,08:20,98
2026-09-06,08:25,103
2026-09-06,08:30,105
2026-09-06,08:35,105
2026-09-06,08:40,98
2026-09-06,08:45,93
2026-09-06,08:50,93
2026-09-06,08:55,95
2026-09-06,09:00,95
2026-09-06,09:05,91
2026-09-06,09:10,87
2026-09-06,09:15,88
2026-09-06,09:20,92
2026-09-06,09:25,93
2026-09-06,09:30,93
2026-09-06,09:35,98
2026-09-06,09:40,98
2026-09-06,09:41,104
2026-09-06,09:42,107
2026-09-06,09:45,101
2026-09-06,09:46,98
2026-09-06,09:50,98
2026-09-06,09:55,96
2026-09-06,10:00,97
2026-09-06,10:05,99
2026-09-06,10:10,99
2026-09-06,10:15,99
2026-09-06,10:20,101
2026-09-06,10:25,102
2026-09-06,10:30,108
2026-09-06,10:35,112
2026-09-06,10:40,110
2026-09-06,10:45,105
2026-09-06,10:50,99
2026-09-06,10:52,101
2026-09-06,10:55,95
2026-09-06,11:00,87
2026-09-06,11:05,86
2026-09-06,11:10,86
2026-09-06,11:15,87
2026-09-06,11:20,99
2026-09-06,11:25,104
2026-09-06,11:30,105
2026-09-06,11:31,106
2026-09-06,11:35,107
2026-09-06,11:36,105
2026-09-06,11:37,107
2026-09-06,11:38,111
2026-09-06,11:39,115
2026-09-06,11:40,107
2026-09-06,11:41,105
2026-09-06,11:42,103
2026-09-06,11:43,104
2026-09-06,14:50,102
2026-09-06,14:55,101
2026-09-06,15:00,101
2026-09-06,15:05,101
2026-09-06,15:10,101
2026-09-06,15:15,103
2026-09-06,15:20,103
2026-09-06,15:25,98
2026-09-06,15:30,99
2026-09-06,15:35,106
2026-09-06,15:40,106
2026-09-06,15:45,106
2026-09-06,15:50,105
2026-09-06,15:54,105
2026-09-06,15:55,106
2026-09-06,16:00,98
2026-09-06,16:05,103
2026-09-06,16:10,100
2026-09-06,16:15,102
2026-09-06,16:20,103
2026-09-06,16:25,98
2026-09-06,16:30,100
2026-09-06,16:35,102
2026-09-06,16:40,103
2026-09-06,16:45,102
2026-09-06,16:50,98
2026-09-06,16:55,90
2026-09-06,17:00,92
2026-09-06,17:05,92
2026-09-06,17:10,89
2026-09-06,17:15,87
2026-09-06,17:20,88
2026-09-06,17:25,89
2026-09-06,17:27,87
2026-09-06,17:30,94
2026-09-06,17:35,102
2026-09-06,17:39,100
2026-09-06,17:40,102
2026-09-06,17:42,99
2026-09-06,17:45,93
2026-09-06,17:50,95
2026-09-06,17:55,99
2026-09-06,18:00,93
2026-09-06,18:05,91
2026-09-06,18:10,87
2026-09-06,18:15,91
2026-09-06,18:20,97
2026-09-06,18:25,102
2026-09-06,18:30,102
2026-09-06,18:31,100
2026-09-06,18:32,105
2026-09-06,18:33,104
2026-09-06,18:34,106
2026-09-06,18:35,103
2026-09-06,18:38,101
2026-09-06,18:39,106
2026-09-06,18:40,118
2026-09-06,18:43,125
2026-09-06,18:44,126
2026-09-06,21:30,111
2026-09-06,21:35,97
2026-09-06,21:40,93
2026-09-06,21:45,93
2026-09-06,21:50,95
2026-09-06,21:55,91
2026-09-06,22:00,90
2026-09-06,22:05,92
2026-09-06,22:09,94
2026-09-06,22:10,100
2026-09-06,22:15,97
2026-09-06,22:20,93
2026-09-06,22:25,91
2026-09-06,22:30,91
2026-09-06,22:35,93
2026-09-06,22:40,96
2026-09-06,22:45,96
2026-09-06,22:50,98
2026-09-06,22:55,102
2026-09-06,23:00,102
2026-09-06,23:05,99
2026-09-06,23:10,99
2026-09-06,23:15,98
2026-09-06,23:20,99
2026-09-06,23:25,100
2026-09-06,23:30,101
2026-09-06,23:35,100
2026-09-06,23:40,99
2026-09-06,23:41,100
2026-09-06,23:45,100
2026-09-06,23:50,98
2026-09-06,23:55,92
2026-09-07,00:00,86
2026-09-07,00:05,86
2026-09-07,00:10,90
2026-09-07,00:15,95
2026-09-07,00:19,102
2026-09-07,00:20,103
2026-09-07,00:25,100
2026-09-07,00:30,96
2026-09-07,00:35,93
2026-09-07,00:40,90
2026-09-07,00:45,87
2026-09-07,00:50,83
2026-09-07,00:55,83
2026-09-07,01:00,84
2026-09-07,01:05,86
2026-09-07,01:10,89
2026-09-07,01:15,91
2026-09-07,01:20,92
2026-09-07,01:25,91
2026-09-07,01:30,85
2026-09-07,01:35,74
2026-09-07,01:36,69
2026-09-07,01:37,68
2026-09-07,01:38,65
2026-09-07,01:39,63
2026-09-07,01:40,63
2026-09-07,01:41,65
2026-09-07,01:42,65
2026-09-07,01:43,65
2026-09-07,01:44,65
2026-09-07,01:45,66
2026-09-07,01:46,66
2026-09-07,01:47,65
2026-09-07,01:48,65
2026-09-07,01:49,65
2026-09-07,01:50,66
2026-09-07,01:51,66
2026-09-07,01:52,69
2026-09-07,01:53,69
2026-09-07,01:54,67
2026-09-07,01:55,62
2026-09-07,01:56,60
2026-09-07,01:57,60
2026-09-07,01:58,60
2026-09-07,01:59,61
2026-09-07,02:00,62
2026-09-07,02:01,62
2026-09-07,02:02,63
2026-09-07,02:03,63
2026-09-07,02:04,63
2026-09-07,02:05,63
2026-09-07,02:06,62
2026-09-07,02:07,62
2026-09-07,02:08,62
2026-09-07,02:09,62
2026-09-07,02:10,62
2026-09-07,02:11,62
2026-09-07,02:12,62
2026-09-07,02:13,62
2026-09-07,02:14,61
2026-09-07,02:15,61
2026-09-07,02:16,61
2026-09-07,02:17,61
2026-09-07,02:18,61
2026-09-07,02:19,61
2026-09-07,02:20,61
2026-09-07,02:21,61
2026-09-07,02:22,59
2026-09-07,02:23,59
2026-09-07,02:24,59
2026-09-07,02:25,59
2026-09-07,02:26,59
2026-09-07,02:27,65
2026-09-07,02:28,70
2026-09-07,02:29,67
2026-09-07,02:30,64
2026-09-07,02:31,64
2026-09-07,02:32,67
2026-09-07,02:33,66
2026-09-07,02:34,66
2026-09-07,02:35,68
2026-09-07,02:36,73
2026-09-07,02:37,73
2026-09-07,02:38,76
2026-09-07,02:39,74
2026-09-07,02:40,70
2026-09-07,02:41,70
2026-09-07,02:42,71
2026-09-07,02:43,76
2026-09-07,02:44,70
2026-09-07,02:45,67
2026-09-07,02:46,61
2026-09-07,02:47,62
2026-09-07,02:48,66
2026-09-07,02:49,68
2026-09-07,02:50,67
2026-09-07,02:51,69
2026-09-07,02:52,77
2026-09-07,02:53,84
2026-09-07,02:54,82
2026-09-07,02:55,74
2026-09-07,02:56,70
2026-09-07,02:57,66
2026-09-07,02:58,66
2026-09-07,02:59,73
2026-09-07,03:00,75
2026-09-07,03:01,75
2026-09-07,03:02,71
2026-09-07,03:03,65
2026-09-07,03:04,64
2026-09-07,03:05,64
2026-09-07,03:06,61
2026-09-07,03:07,58
2026-09-07,03:08,56
2026-09-07,03:09,68
2026-09-07,03:10,69
2026-09-07,03:11,68
2026-09-07,03:12,67
2026-09-07,03:13,67
2026-09-07,03:14,69
2026-09-07,03:15,68
2026-09-07,03:16,68
2026-09-07,03:17,65
2026-09-07,03:18,63
2026-09-07,03:19,63
2026-09-07,03:20,63
2026-09-07,03:21,63
2026-09-07,03:22,64
2026-09-07,03:23,64
2026-09-07,03:24,64
2026-09-07,03:25,66
2026-09-07,03:26,66
2026-09-07,03:27,65
2026-09-07,03:28,64
2026-09-07,03:29,64
2026-09-07,03:30,66
2026-09-07,03:31,65
2026-09-07,03:32,64
2026-09-07,03:33,64
2026-09-07,03:34,65
2026-09-07,03:35,66
2026-09-07,03:36,66
2026-09-07,03:37,66
2026-09-07,03:38,65
2026-09-07,03:39,65
2026-09-07,03:40,65
2026-09-07,03:41,65
2026-09-07,03:42,64
2026-09-07,03:43,64
2026-09-07,03:44,64
2026-09-07,03:45,65
2026-09-07,03:46,65
2026-09-07,03:47,64
2026-09-07,03:48,64
2026-09-07,03:49,64
2026-09-07,03:50,66
2026-09-07,03:51,71
2026-09-07,03:52,69
2026-09-07,03:53,66
2026-09-07,03:54,63
2026-09-07,03:55,63
2026-09-07,03:56,62
2026-09-07,03:57,63
2026-09-07,03:58,63
2026-09-07,03:59,62
2026-09-07,04:00,63
2026-09-07,04:01,63
2026-09-07,04:02,63
2026-09-07,04:03,68
2026-09-07,04:04,64
2026-09-07,04:05,62
2026-09-07,04:06,61
2026-09-07,04:07,60
2026-09-07,04:08,61
2026-09-07,04:09,66
2026-09-07,04:10,68
2026-09-07,04:11,65
2026-09-07,04:12,63
2026-09-07,04:13,63
2026-09-07,04:14,66
2026-09-07,04:15,71
2026-09-07,04:16,71
2026-09-07,04:17,65
2026-09-07,04:18,62
2026-09-07,04:19,61
2026-09-07,04:20,63
2026-09-07,04:21,63
2026-09-07,04:22,65
2026-09-07,04:23,67
2026-09-07,04:24,67
2026-09-07,04:25,77
2026-09-07,04:26,75
2026-09-07,04:27,74
2026-09-07,04:28,73
2026-09-07,04:29,73
2026-09-07,04:30,75
2026-09-07,04:31,74
2026-09-07,04:32,72
2026-09-07,04:33,68
2026-09-07,04:34,64
2026-09-07,04:35,62
2026-09-07,04:36,64
2026-09-07,04:37,64
2026-09-07,04:38,66
2026-09-07,04:39,66
2026-09-07,04:40,68
2026-09-07,04:41,77
2026-09-07,04:42,76
2026-09-07,04:43,73
2026-09-07,04:44,71
2026-09-07,04:45,69
2026-09-07,04:46,68
2026-09-07,04:47,69
2026-09-07,04:48,66
2026-09-07,04:49,65
2026-09-07,04:50,64
2026-09-07,04:51,65
2026-09-07,04:52,66
2026-09-07,04:53,66
2026-09-07,04:54,66
2026-09-07,04:55,66
2026-09-07,04:56,66
2026-09-07,04:57,67
2026-09-07,04:58,67
2026-09-07,04:59,66
2026-09-07,05:00,66
2026-09-07,05:01,66
2026-09-07,05:02,66
2026-09-07,05:03,66
2026-09-07,05:04,66
2026-09-07,05:05,66
2026-09-07,05:06,76
2026-09-07,05:07,76
2026-09-07,05:08,72
2026-09-07,05:09,79
2026-09-07,05:10,80
2026-09-07,05:11,74
2026-09-07,05:12,80
2026-09-07,05:13,82
2026-09-07,05:14,79
2026-09-07,05:15,72
2026-09-07,05:16,69
2026-09-07,05:17,67
2026-09-07,05:18,67
2026-09-07,05:19,66
2026-09-07,05:20,66
2026-09-07,05:21,66
2026-09-07,05:22,66
2026-09-07,05:23,66
2026-09-07,05:24,66
2026-09-07,05:25,68
2026-09-07,05:26,67
2026-09-07,05:27,67
2026-09-07,05:28,68
2026-09-07,05:29,70
2026-09-07,05:30,71
2026-09-07,05:31,72
2026-09-07,05:32,72
2026-09-07,05:33,70
2026-09-07,05:34,69
2026-09-07,05:35,69
2026-09-07,05:36,69
2026-09-07,05:37,69
2026-09-07,05:38,69
2026-09-07,05:39,69
2026-09-07,05:40,69
2026-09-07,05:41,67
2026-09-07,05:42,70
2026-09-07,05:43,67
2026-09-07,05:44,68
2026-09-07,05:45,77
2026-09-07,05:46,82
2026-09-07,05:47,78
2026-09-07,05:48,73
2026-09-07,05:49,71
2026-09-07,05:50,74
2026-09-07,05:51,72
2026-09-07,05:52,69
2026-09-07,05:53,65
2026-09-07,05:54,65
2026-09-07,05:55,63
2026-09-07,05:56,68
2026-09-07,05:57,69
2026-09-07,05:58,71
2026-09-07,05:59,71
2026-09-07,06:00,68
2026-09-07,06:01,69
2026-09-07,06:02,66
2026-09-07,06:03,60
2026-09-07,06:04,62
2026-09-07,06:05,63
2026-09-07,06:06,73
2026-09-07,06:07,71
2026-09-07,06:08,74
2026-09-07,06:09,72
2026-09-07,06:10,66
2026-09-07,06:11,62
2026-09-07,06:12,61
2026-09-07,06:13,60
2026-09-07,06:14,61
2026-09-07,06:15,60
2026-09-07,06:16,59
2026-09-07,06:17,64
2026-09-07,06:18,64
2026-09-07,06:19,66
2026-09-07,06:20,66
2026-09-07,06:21,67
2026-09-07,06:22,67
2026-09-07,06:23,66
2026-09-07,06:24,66
2026-09-07,06:25,64
2026-09-07,06:26,63
2026-09-07,06:27,63
2026-09-07,06:28,66
2026-09-07,06:29,64
2026-09-07,06:30,69
2026-09-07,06:31,71
2026-09-07,06:32,72
2026-09-07,06:33,72
2026-09-07,06:34,72
2026-09-07,06:35,72
2026-09-07,06:36,71
2026-09-07,06:37,70
2026-09-07,06:38,67
2026-09-07,06:39,67
2026-09-07,06:40,67
2026-09-07,06:41,67
2026-09-07,06:42,67
2026-09-07,06:43,67
2026-09-07,06:44,67
2026-09-07,06:45,67
2026-09-07,06:46,67
2026-09-07,06:47,67
2026-09-07,06:48,68
2026-09-07,06:49,67
2026-09-07,06:50,67
2026-09-07,06:51,67
2026-09-07,06:52,67
2026-09-07,06:53,72
2026-09-07,06:54,79
2026-09-07,06:55,87
2026-09-07,06:56,83
2026-09-07,06:57,85
2026-09-07,06:58,84
2026-09-07,06:59,82
2026-09-07,07:00,86
2026-09-07,07:01,84
2026-09-07,07:02,84
2026-09-07,07:03,75
2026-09-07,07:04,81
2026-09-07,07:05,81
2026-09-07,07:06,78
2026-09-07,07:07,75
2026-09-07,07:08,76
2026-09-07,07:09,75
2026-09-07,07:10,75
2026-09-07,07:11,72
2026-09-07,07:12,76
2026-09-07,07:13,80
2026-09-07,07:14,82
2026-09-07,07:15,82
2026-09-07,07:16,84
2026-09-07,07:17,78
2026-09-07,07:18,83
2026-09-07,07:19,90
2026-09-07,07:20,90
2026-09-07,07:21,91
2026-09-07,07:22,93
2026-09-07,07:23,95
2026-09-07,07:24,95
2026-09-07,07:25,93
2026-09-07,07:26,95
2026-09-07,07:27,93
2026-09-07,07:28,91
2026-09-07,07:29,91
2026-09-07,07:30,93
2026-09-07,07:31,96
2026-09-07,07:32,94
2026-09-07,07:33,91
2026-09-07,07:34,89
2026-09-07,07:35,97
2026-09-07,07:36,108
2026-09-07,07:38,106
2026-09-07,07:39,106
2026-09-07,07:40,108
2026-09-07,07:45,107
2026-09-07,07:48,106
2026-09-07,07:50,101
2026-09-07,07:55,95
2026-09-07,08:00,92
2026-09-07,08:05,97
2026-09-07,08:10,97
2026-09-07,08:15,97
2026-09-07,08:20,95
2026-09-07,08:25,97
2026-09-07,08:30,97
2026-09-07,08:35,97
2026-09-07,08:40,97
2026-09-07,08:45,99
2026-09-07,08:50,100
2026-09-07,08:55,101
2026-09-07,09:00,101
2026-09-07,09:05,101
2026-09-07,09:10,95
2026-09-07,09:15,96
2026-09-07,09:20,90
2026-09-07,09:25,96
2026-09-07,09:30,97
2026-09-07,09:35,101
2026-09-07,09:38,111
2026-09-07,09:40,117
2026-09-07,09:45,112
2026-09-07,09:50,107
2026-09-07,09:55,104
2026-09-07,10:00,98
2026-09-07,10:05,94
2026-09-07,10:10,94
2026-09-07,10:15,95
2026-09-07,10:20,100
2026-09-07,10:25,102
2026-09-07,10:30,102
2026-09-07,10:35,102
2026-09-07,10:40,99
2026-09-07,10:45,95
2026-09-07,10:50,93
2026-09-07,10:55,96
2026-09-07,11:00,98
2026-09-07,11:05,92
2026-09-07,11:10,96
2026-09-07,11:15,104
2026-09-07,11:18,104
2026-09-07,11:19,102
2026-09-07,11:20,97
2026-09-07,11:21,101
2026-09-07,11:25,103
2026-09-07,11:30,95
2026-09-07,11:35,94
2026-09-07,11:40,88
2026-09-07,11:45,89
2026-09-07,11:50,91
2026-09-07,11:55,99
2026-09-07,12:00,104
2026-09-07,12:05,100
2026-09-07,12:10,102
2026-09-07,12:15,108
2026-09-07,12:16,107
2026-09-07,12:17,109
2026-09-07,12:18,109
2026-09-07,12:19,108
2026-09-07,12:20,110
2026-09-07,12:25,116
2026-09-07,12:30,111
2026-09-07,12:35,106
2026-09-07,12:40,105
2026-09-07,12:45,104
2026-09-07,12:50,103
2026-09-07,12:55,103
2026-09-07,13:00,103
2026-09-07,13:05,100
2026-09-07,13:10,101
2026-09-07,13:15,102
2026-09-07,13:20,105
2026-09-07,13:25,107
2026-09-07,13:30,104
2026-09-07,13:35,101
2026-09-07,13:40,98
2026-09-07,13:45,98
2026-09-07,13:50,101
2026-09-07,13:55,103
2026-09-07,14:00,103
2026-09-07,14:05,103
2026-09-07,14:10,102
2026-09-07,14:15,102
2026-09-07,14:20,107
2026-09-07,14:21,107
2026-09-07,14:22,104
2026-09-07,14:23,102
2026-09-07,14:24,101
2026-09-07,14:25,99
2026-09-07,14:30,99
2026-09-07,14:35,99
2026-09-07,14:40,95
2026-09-07,14:45,95
2026-09-07,14:50,97
2026-09-07,14:55,97
2026-09-07,15:00,99
2026-09-07,15:05,102
2026-09-07,15:10,102
2026-09-07,15:15,102
2026-09-07,15:20,104
2026-09-07,15:25,104
2026-09-07,15:27,98
2026-09-07,15:30,96
2026-09-07,15:35,98
2026-09-07,15:40,99
2026-09-07,15:45,98
2026-09-07,15:50,96
2026-09-07,15:55,96
2026-09-07,16:00,98
2026-09-07,16:05,100
2026-09-07,16:10,97
2026-09-07,16:15,98
2026-09-07,16:20,103
2026-09-07,16:25,99
2026-09-07,16:30,94
2026-09-07,16:35,96
2026-09-07,16:40,106
2026-09-07,16:45,108
2026-09-07,16:50,99
2026-09-07,16:52,105
2026-09-07,16:53,113
2026-09-07,16:54,114
2026-09-07,16:55,108
2026-09-07,17:00,103
2026-09-07,17:05,100
2026-09-07,17:10,99
2026-09-07,17:15,101
2026-09-07,17:19,103
2026-09-07,17:20,93
2026-09-07,17:21,87
2026-09-07,17:25,87
2026-09-07,17:30,86
2026-09-07,17:35,93
2026-09-07,17:40,96
2026-09-07,17:44,97
2026-09-07,17:45,105
2026-09-07,17:50,104
2026-09-07,17:55,101
2026-09-07,17:56,108
2026-09-07,17:59,113
2026-09-07,18:00,112
2026-09-07,18:05,113
2026-09-07,18:06,110
2026-09-07,18:10,101
2026-09-07,18:15,93
2026-09-07,18:20,98
2026-09-07,18:25,102
2026-09-07,18:26,107
2026-09-07,18:27,126
2026-09-07,18:28,135
2026-09-07,18:29,127
2026-09-07,18:30,106
2026-09-07,18:31,100
2026-09-07,18:35,105
2026-09-07,18:55,107
2026-09-08,07:45,106
2026-09-08,07:50,102
2026-09-08,07:55,101
2026-09-08,08:00,101
2026-09-08,08:05,100
2026-09-08,08:10,97
2026-09-08,08:15,96
2026-09-08,08:20,95
2026-09-08,08:25,97
2026-09-08,08:30,100
2026-09-08,08:35,96
2026-09-08,08:40,91
2026-09-08,08:45,93
2026-09-08,08:50,95
2026-09-08,08:55,92
2026-09-08,09:00,89
2026-09-08,09:05,91
2026-09-08,09:10,93
2026-09-08,09:15,94
2026-09-08,09:20,94
2026-09-08,09:25,95
2026-09-08,09:30,97
2026-09-08,09:35,100
2026-09-08,09:40,98
2026-09-08,09:45,95
2026-09-08,09:50,89
2026-09-08,09:55,90
2026-09-08,10:00,90
2026-09-08,10:05,93
2026-09-08,10:10,94
2026-09-08,10:15,96
2026-09-08,10:20,101
2026-09-08,10:21,101
2026-09-08,10:22,92
2026-09-08,10:25,91
2026-09-08,10:29,96
2026-09-08,10:30,106
2026-09-08,10:35,109
2026-09-08,10:40,100
2026-09-08,10:45,96
2026-09-08,10:50,96
2026-09-08,10:55,95
2026-09-08,11:00,102
2026-09-08,11:05,100
2026-09-08,11:10,102
2026-09-08,11:15,104
2026-09-08,11:16,112
2026-09-08,11:17,114
2026-09-08,11:20,116
2026-09-08,11:21,103
2026-09-08,11:25,100
2026-09-08,11:30,99
2026-09-08,11:35,93
2026-09-08,11:40,89
2026-09-08,11:45,93
2026-09-08,11:50,95
2026-09-08,11:55,92
2026-09-08,12:00,91
2026-09-08,12:05,93
2026-09-08,12:10,94
2026-09-08,12:15,93
2026-09-08,12:19,93
2026-09-08,12:20,98
2026-09-08,12:25,108
2026-09-08,12:30,113
2026-09-08,12:35,113
2026-09-08,12:38,118
2026-09-08,12:39,126
2026-09-08,12:40,133
2026-09-08,12:41,135
2026-09-08,12:42,122
2026-09-08,12:43,108
2026-09-08,12:44,102
2026-09-08,12:45,94
2026-09-08,12:46,104
2026-09-08,12:47,114
2026-09-08,12:48,107
2026-09-08,12:50,100
2026-09-08,12:55,96
2026-09-08,13:00,98
2026-09-08,13:05,100
2026-09-08,13:10,100
2026-09-08,13:15,100
2026-09-08,13:20,100
2026-09-08,13:25,99
2026-09-08,13:30,99
2026-09-08,13:35,103
2026-09-08,13:40,104
2026-09-08,13:45,103
2026-09-08,13:50,100
2026-09-08,13:55,98
2026-09-08,14:00,97
2026-09-08,14:05,96
2026-09-08,14:10,97
2026-09-08,14:15,98
2026-09-08,14:20,97
2026-09-08,14:25,99
2026-09-08,14:30,99
2026-09-08,14:35,101
2026-09-08,14:40,101
2026-09-08,14:45,98
2026-09-08,14:50,93
2026-09-08,14:55,92
2026-09-08,15:00,93
2026-09-08,15:05,93
2026-09-08,15:10,95
2026-09-08,15:15,97
2026-09-08,15:20,102
2026-09-08,15:25,104
2026-09-08,15:30,101
2026-09-08,15:35,96
2026-09-08,15:40,94
2026-09-08,15:45,91
2026-09-08,15:50,93
2026-09-08,15:55,93
2026-09-08,16:00,97
2026-09-08,16:05,102
2026-09-08,16:10,100
2026-09-08,16:15,99
2026-09-08,16:20,99
2026-09-08,16:25,99
2026-09-08,16:30,98
2026-09-08,16:35,93
2026-09-08,16:40,98
2026-09-08,16:45,97
2026-09-08,16:50,94
2026-09-08,16:55,91
2026-09-08,17:00,99
2026-09-08,17:05,99
2026-09-08,17:06,99
2026-09-08,17:07,99
2026-09-08,17:08,105
2026-09-08,17:09,108
2026-09-08,17:10,109
2026-09-08,17:15,103
2026-09-08,17:20,100
2026-09-08,17:25,103
2026-09-08,17:30,103
2026-09-08,17:31,97
2026-09-08,17:32,98
2026-09-08,17:33,101
2026-09-08,17:35,99
2026-09-08,17:40,92
2026-09-08,17:45,92
2026-09-08,17:48,94
2026-09-08,17:50,99
2026-09-08,17:51,106
2026-09-08,17:55,100
2026-09-08,18:00,99
2026-09-08,18:05,96
2026-09-08,18:10,90
2026-09-08,18:15,87
2026-09-08,18:18,88
2026-09-08,18:19,91
2026-09-08,18:20,95
2026-09-08,18:25,89
2026-09-08,18:30,89
2026-09-08,18:35,88
2026-09-08,18:40,92
2026-09-08,18:45,92
2026-09-08,18:50,92
2026-09-08,18:51,104
2026-09-08,18:55,110
2026-09-08,18:56,115
2026-09-08,18:57,117
2026-09-08,19:00,112
2026-09-08,19:05,106
2026-09-08,19:10,102
2026-09-08,19:15,96
2026-09-08,19:20,92
2026-09-08,19:25,95
2026-09-08,19:30,96
2026-09-08,19:35,97
2026-09-08,19:40,94
2026-09-08,19:45,95
2026-09-08,19:50,92
2026-09-08,19:55,91
2026-09-08,20:00,93
2026-09-08,20:05,93
2026-09-08,20:10,90
2026-09-08,20:15,92
2026-09-08,20:20,94
2026-09-08,20:25,99
2026-09-08,20:30,107
2026-09-08,20:35,112
2026-09-08,20:40,114
2026-09-08,20:45,111
2026-09-08,20:47,108
2026-09-08,20:48,105
2026-09-08,20:49,100
2026-09-08,20:50,98
2026-09-08,20:55,99
2026-09-08,21:00,103
2026-09-08,21:05,101
2026-09-08,21:10,97
2026-09-08,21:15,94
2026-09-08,21:20,96
2026-09-08,21:25,93
2026-09-08,21:30,89
2026-09-09,06:41,92
2026-09-09,06:45,94
2026-09-09,06:50,94
2026-09-09,06:55,88
2026-09-09,06:59,94
2026-09-09,07:00,102
2026-09-09,07:01,112
2026-09-09,07:02,111
2026-09-09,07:03,113
2026-09-09,07:04,118
2026-09-09,07:05,110
2026-09-09,07:08,105
2026-09-09,07:10,109
2026-09-09,07:11,109
2026-09-09,07:13,103
2026-09-09,07:15,97
2026-09-09,07:19,93
2026-09-09,07:20,88
2026-09-09,07:25,90
2026-09-09,07:30,97
2026-09-09,07:35,102
2026-09-09,07:36,120
2026-09-09,07:37,127
2026-09-09,07:38,122
2026-09-09,07:39,109
2026-09-09,07:40,101
2026-09-09,07:45,99
2026-09-09,07:50,99
2026-09-09,07:55,106
2026-09-09,07:56,104
2026-09-09,07:57,105
2026-09-09,07:58,107
2026-09-09,07:59,108
2026-09-09,08:00,104
2026-09-09,08:05,101
2026-09-09,08:10,100
2026-09-09,08:15,95
2026-09-09,08:20,94
2026-09-09,08:25,98
2026-09-09,08:29,100
2026-09-09,08:30,98
2026-09-09,08:35,98
2026-09-09,08:40,98
2026-09-09,08:45,106
2026-09-09,08:46,107
2026-09-09,08:47,104
2026-09-09,08:50,101
2026-09-09,08:55,100
2026-09-09,09:00,94
2026-09-09,09:05,91
2026-09-09,09:10,91
2026-09-09,09:15,93
2026-09-09,09:20,93
2026-09-09,09:25,91
2026-09-09,09:30,92
2026-09-09,09:35,89
2026-09-09,09:40,87
2026-09-09,09:45,87
2026-09-09,09:49,103
2026-09-09,09:50,113
2026-09-09,09:51,107
2026-09-09,09:53,102
2026-09-09,09:54,109
2026-09-09,09:55,107
2026-09-09,10:00,104
2026-09-09,10:02,108
2026-09-09,10:03,114
2026-09-09,10:05,106
2026-09-09,10:10,103
2026-09-09,10:15,103
2026-09-09,10:20,100
2026-09-09,10:25,103
2026-09-09,10:27,105
2026-09-09,10:29,105
2026-09-09,10:30,102
2026-09-09,10:31,102
2026-09-09,10:32,102
2026-09-09,10:35,100
2026-09-09,10:40,100
2026-09-09,10:45,99
2026-09-09,10:50,96
2026-09-09,10:55,94
2026-09-09,11:00,92
2026-09-09,11:05,89
2026-09-09,11:10,94
2026-09-09,11:15,95
2026-09-09,11:20,100
2026-09-09,11:22,112
2026-09-09,11:23,117
2026-09-09,11:24,118
2026-09-09,11:25,118
2026-09-09,11:26,119
2026-09-09,11:27,111
2026-09-09,11:28,105
2026-09-09,11:29,104
2026-09-09,11:30,104
2026-09-09,11:31,106
2026-09-09,11:32,106
2026-09-09,11:33,108
2026-09-09,11:35,104
2026-09-09,11:40,100
2026-09-09,11:45,98
2026-09-09,11:50,96
2026-09-09,11:55,93
2026-09-09,12:00,96
2026-09-09,12:01,99
2026-09-09,12:05,104
2026-09-09,12:06,100
2026-09-09,12:07,94
2026-09-09,12:09,92
2026-09-09,12:10,90
2026-09-09,12:15,92
2026-09-09,12:20,92
2026-09-09,12:25,94
2026-09-09,12:30,94
2026-09-09,12:34,91
2026-09-09,12:35,88
2026-09-09,12:36,86
2026-09-09,12:37,86
2026-09-09,12:38,85
2026-09-09,12:39,85
2026-09-09,12:40,87
2026-09-09,12:41,88
2026-09-09,12:42,87
2026-09-09,12:43,84
2026-09-09,12:44,82
2026-09-09,12:45,82
2026-09-09,12:46,82
2026-09-09,12:47,82
2026-09-09,12:48,82
2026-09-09,12:49,83
2026-09-09,12:50,83
2026-09-09,12:51,83
2026-09-09,12:52,83
2026-09-09,12:53,83
2026-09-09,12:54,80
2026-09-09,12:55,80
2026-09-09,12:56,79
2026-09-09,12:57,79
2026-09-09,12:58,81
2026-09-09,12:59,80
2026-09-09,13:00,80
2026-09-09,13:01,81
2026-09-09,13:02,83
2026-09-09,13:03,83
2026-09-09,13:04,80
2026-09-09,13:05,80
2026-09-09,13:06,80
2026-09-09,13:07,78
2026-09-09,13:08,79
2026-09-09,13:09,79
2026-09-09,13:10,83
2026-09-09,13:11,83
2026-09-09,13:12,81
2026-09-09,13:13,80
2026-09-09,13:14,79
2026-09-09,13:15,76
2026-09-09,13:16,83
2026-09-09,13:17,83
2026-09-09,13:18,77
2026-09-09,13:19,76
2026-09-09,13:20,85
2026-09-09,13:21,82
2026-09-09,13:22,80
2026-09-09,13:23,78
2026-09-09,13:24,77
2026-09-09,13:25,78
2026-09-09,13:26,80
2026-09-09,13:27,83
2026-09-09,13:28,83
2026-09-09,13:29,82
2026-09-09,13:30,82
2026-09-09,13:31,81
2026-09-09,13:32,85
2026-09-09,13:33,85
2026-09-09,13:34,83
2026-09-09,13:35,79
2026-09-09,13:36,78
2026-09-09,13:37,77
2026-09-09,13:38,78
2026-09-09,13:39,75
2026-09-09,13:40,77
2026-09-09,13:41,82
2026-09-09,13:42,85
2026-09-09,13:43,82
2026-09-09,13:44,77
2026-09-09,13:45,79
2026-09-09,13:46,79
2026-09-09,13:47,81
2026-09-09,13:48,82
2026-09-09,13:49,83
2026-09-09,13:50,82
2026-09-09,13:51,82
2026-09-09,13:52,82
2026-09-09,13:53,79
2026-09-09,13:54,81
2026-09-09,13:55,80
2026-09-09,13:56,81
2026-09-09,13:57,82
2026-09-09,13:58,88
2026-09-09,13:59,90
2026-09-09,14:00,87
2026-09-09,14:01,81
2026-09-09,14:02,77
2026-09-09,14:03,74
2026-09-09,14:04,76
2026-09-09,14:05,78
2026-09-09,14:06,78
2026-09-09,14:07,76
2026-09-09,14:08,75
2026-09-09,14:09,74
2026-09-09,14:10,83
2026-09-09,14:11,81
2026-09-09,14:12,81
2026-09-09,14:13,80
2026-09-09,14:14,91
2026-09-09,14:15,82
2026-09-09,14:16,78
2026-09-09,14:17,83
2026-09-09,14:18,83
2026-09-09,14:19,84
2026-09-09,14:20,81
2026-09-09,14:21,78
2026-09-09,14:22,78
2026-09-09,14:23,78
2026-09-09,14:24,79
2026-09-09,14:25,81
2026-09-09,14:26,82
2026-09-09,14:27,82
2026-09-09,14:28,83
2026-09-09,14:29,83
2026-09-09,14:30,83
2026-09-09,14:31,83
2026-09-09,14:32,82
2026-09-09,14:33,81
2026-09-09,14:34,80
2026-09-09,14:35,78
2026-09-09,14:36,77
2026-09-09,14:37,76
2026-09-09,14:38,76
2026-09-09,14:39,76
2026-09-09,14:40,76
2026-09-09,14:41,76
2026-09-09,14:42,76
2026-09-09,14:43,78
2026-09-09,14:44,91
2026-09-09,14:45,90
2026-09-09,14:46,101
2026-09-09,14:47,106
2026-09-09,14:48,97
2026-09-09,14:49,102
2026-09-09,14:50,103
2026-09-09,14:51,103
2026-09-09,14:52,103
2026-09-09,14:53,101
2026-09-09,14:54,101
2026-09-09,14:55,100
2026-09-09,14:56,95
2026-09-09,14:57,95
2026-09-09,14:58,105
2026-09-09,14:59,107
2026-09-09,15:00,105
2026-09-09,15:05,111
2026-09-09,15:10,111
2026-09-09,15:15,106
2026-09-09,15:20,102
2026-09-09,15:25,101
2026-09-09,15:28,101
2026-09-09,15:30,103
2026-09-09,15:35,103
2026-09-09,15:40,103
2026-09-09,15:45,103
2026-09-09,15:50,102
2026-09-09,15:55,102
2026-09-09,16:00,100
2026-09-09,16:05,98
2026-09-09,16:10,98
2026-09-09,16:15,99
2026-09-09,16:20,101
2026-09-09,16:25,98
2026-09-09,16:30,95
2026-09-09,16:35,94
2026-09-09,16:40,95
2026-09-09,16:45,97
2026-09-09,16:50,103
2026-09-09,16:55,103
2026-09-09,17:00,102
2026-09-09,17:05,100
2026-09-09,17:10,100
2026-09-09,17:15,94
2026-09-09,17:20,96
2026-09-09,17:25,96
2026-09-09,17:30,99
2026-09-09,17:35,99
2026-09-09,17:40,97
2026-09-09,17:45,98
2026-09-09,17:50,98
2026-09-09,17:55,98
2026-09-09,18:00,96
2026-09-09,18:05,96
2026-09-09,18:10,90
2026-09-09,18:14,88
2026-09-09,18:19,103
2026-09-09,18:20,116
2026-09-09,18:25,110
2026-09-09,18:30,115
2026-09-09,18:31,120
2026-09-09,18:35,112
2026-09-09,18:40,105
2026-09-09,18:45,99
2026-09-09,18:50,103
2026-09-09,18:55,100
2026-09-09,19:00,95
2026-09-09,19:05,98
2026-09-09,19:10,98
2026-09-09,19:15,95
2026-09-09,19:20,95
2026-09-09,19:25,96
2026-09-09,19:30,91
2026-09-09,19:35,96
2026-09-09,19:40,95
2026-09-09,19:45,92
2026-09-09,19:50,92
2026-09-09,19:55,91
2026-09-09,20:00,90
2026-09-09,20:05,90
2026-09-09,20:10,88
2026-09-09,20:15,92
2026-09-09,20:20,96
2026-09-09,20:25,92
2026-09-09,20:30,92
2026-09-09,20:35,92
2026-09-09,20:40,96
2026-09-09,20:41,101
2026-09-09,20:45,100
2026-09-09,20:50,100
2026-09-09,20:55,98
2026-09-09,21:00,103
2026-09-09,21:03,108
2026-09-09,21:04,112
2026-09-09,21:05,100
2026-09-09,21:10,97
2026-09-09,21:15,92
2026-09-09,21:20,91
2026-09-09,21:25,91
2026-09-09,21:30,93
2026-09-09,21:35,95
2026-09-09,21:40,91
2026-09-09,21:45,88
2026-09-09,21:50,85
2026-09-09,21:55,84
2026-09-09,22:00,88
2026-09-09,22:05,89
2026-09-09,22:10,87
2026-09-09,22:15,87
2026-09-09,22:20,93
2026-09-09,22:25,92
2026-09-09,22:30,94
2026-09-09,22:35,100
2026-09-09,22:40,105
2026-09-09,22:45,112
2026-09-09,22:50,114
2026-09-09,22:55,123
2026-09-09,22:56,129
2026-09-09,22:57,132
2026-09-09,22:58,130
2026-09-09,22:59,119
2026-09-09,23:00,114
2026-09-09,23:05,112
2026-09-09,23:10,109
2026-09-09,23:15,106
2026-09-09,23:20,109
2026-09-09,23:25,108
2026-09-09,23:30,106
2026-09-09,23:35,101
2026-09-09,23:40,101
2026-09-09,23:42,103
2026-09-09,23:43,103
2026-09-09,23:45,101
2026-09-09,23:50,96
2026-09-09,23:55,90
