date,deepSleepTime,shallowSleepTime,wakeTime,start,stop,REMTime,naps
2026-09-01,0,0,0,2026-09-01 17:00:00+0000,2026-09-01 17:00:00+0000,0,
2026-09-02,35,257,2,2026-09-01 15:56:00+0000,2026-09-01 22:55:00+0000,125,
2026-09-03,79,177,3,2026-09-02 16:51:00+0000,2026-09-02 23:13:00+0000,123,"[{\"start\":\"2024-10-04 00:37:03+0000\",\"end\":\"2024-10-04 00:37:17+0000\"},{\"start\":\"2024-10-04 00:37:18+0000\",\"end\":\"2024-10-04 00:37:25+0000\"},{\"start\":\"2024-10-04 00:37:26+0000\",\"end\":\"2024-10-04 00:37:43+0000\"},{\"start\":\"2024-10-04 00:37:44+0000\",\"end\":\"2024-10-04 00:37:55+0000\"},{\"start\":\"2024-10-04 00:37:56+0000\",\"end\":\"2024-10-04 00:37:58+0000\"},{\"start\":\"2024-10-04 00:37:59+0000\",\"end\":\"2024-10-04 00:38:02+0000\"},{\"start\":\"2024-10-04 00:38:03+0000\",\"end\":\"2024-10-04 00:38:09+0000\"}]"
2026-09-04,40,255,7,2026-09-03 16:03:00+0000,2026-09-03 22:46:00+0000,101,
2026-09-05,48,209,2,2026-09-04 16:53:00+0000,2026-09-04 22:59:00+0000,107,
2026-09-06,85,259,7,2026-09-05 16:18:00+0000,2026-09-05 23:50:00+0000,101,
2026-09-07,29,192,3,2026-09-06 18:37:00+0000,2026-09-06 23:53:00+0000,92,
2026-09-08,0,0,0,2026-09-08 17:00:00+0000,2026-09-08 17:00:00+0000,0,
2026-09-09,23,71,3,2026-09-09 05:36:00+0000,2026-09-09 07:44:00+0000,31,
