date,time,stage,hr,respiratory_rate
2026-09-02,22:56,LIGHT,,
2026-09-02,22:57,LIGHT,,
2026-09-02,22:58,LIGHT,,
2026-09-02,22:59,LIGHT,,
2026-09-02,23:00,LIGHT,91,
2026-09-02,23:01,LIGHT,,
2026-09-02,23:02,LIGHT,,
2026-09-02,23:03,LIGHT,,
2026-09-02,23:04,LIGHT,,
2026-09-02,23:05,LIGHT,93,
2026-09-02,23:06,LIGHT,,
2026-09-02,23:07,LIGHT,,
2026-09-02,23:08,LIGHT,,
2026-09-02,23:09,LIGHT,,
2026-09-02,23:10,LIGHT,99,
2026-09-02,23:11,LIGHT,,
2026-09-02,23:12,LIGHT,,
2026-09-02,23:13,DEEP,,
2026-09-02,23:14,DEEP,,
2026-09-02,23:15,DEEP,101,
2026-09-02,23:16,DEEP,,
2026-09-02,23:17,DEEP,,
2026-09-02,23:18,DEEP,,
2026-09-02,23:19,DEEP,,
2026-09-02,23:20,LIGHT,98,
2026-09-02,23:21,LIGHT,,
2026-09-02,23:22,LIGHT,,
2026-09-02,23:23,LIGHT,,
2026-09-02,23:24,LIGHT,,
2026-09-02,23:25,LIGHT,88,
2026-09-02,23:26,LIGHT,,
2026-09-02,23:27,LIGHT,,
2026-09-02,23:28,LIGHT,,
2026-09-02,23:29,LIGHT,,
2026-09-02,23:30,LIGHT,88,
2026-09-02,23:31,LIGHT,,
2026-09-02,23:32,LIGHT,,
2026-09-02,23:33,LIGHT,,
2026-09-02,23:34,LIGHT,,
2026-09-02,23:35,LIGHT,96,
2026-09-02,23:36,LIGHT,,
2026-09-02,23:37,LIGHT,,
2026-09-02,23:38,DEEP,,
2026-09-02,23:39,DEEP,,
2026-09-02,23:40,DEEP,98,
2026-09-02,23:41,DEEP,,
2026-09-02,23:42,DEEP,,
2026-09-02,23:43,DEEP,,
2026-09-02,23:44,DEEP,,
2026-09-02,23:45,DEEP,94,
2026-09-02,23:46,LIGHT,,
2026-09-02,23:47,LIGHT,,
2026-09-02,23:48,LIGHT,,
2026-09-02,23:49,LIGHT,86,
2026-09-02,23:50,LIGHT,78,
2026-09-02,23:51,LIGHT,77,
2026-09-02,23:52,LIGHT,75,
2026-09-02,23:53,LIGHT,74,
2026-09-02,23:54,REM,72,
2026-09-02,23:55,REM,72,
2026-09-02,23:56,REM,72,
2026-09-02,23:57,REM,71,
2026-09-02,23:58,REM,71,
2026-09-02,23:59,REM,72,
2026-09-03,00:00,REM,72,
2026-09-03,00:01,REM,72,
2026-09-03,00:02,REM,72,
2026-09-03,00:03,REM,72,
2026-09-03,00:04,REM,72,
2026-09-03,00:05,REM,72,
2026-09-03,00:06,REM,71,
2026-09-03,00:07,REM,70,
2026-09-03,00:08,REM,70,
2026-09-03,00:09,REM,73,
2026-09-03,00:10,REM,70,
2026-09-03,00:11,REM,68,
2026-09-03,00:12,REM,66,
2026-09-03,00:13,REM,66,
2026-09-03,00:14,REM,66,
2026-09-03,00:15,REM,68,
2026-09-03,00:16,REM,69,
2026-09-03,00:17,REM,69,
2026-09-03,00:18,REM,68,
2026-09-03,00:19,REM,67,
2026-09-03,00:20,REM,66,
2026-09-03,00:21,REM,66,
2026-09-03,00:22,REM,66,
2026-09-03,00:23,REM,66,
2026-09-03,00:24,REM,67,
2026-09-03,00:25,REM,68,
2026-09-03,00:26,REM,67,
2026-09-03,00:27,REM,66,
2026-09-03,00:28,REM,65,
2026-09-03,00:29,REM,65,
2026-09-03,00:30,REM,64,
2026-09-03,00:31,LIGHT,63,
2026-09-03,00:32,LIGHT,64,
2026-09-03,00:33,LIGHT,64,
2026-09-03,00:34,LIGHT,64,
2026-09-03,00:35,LIGHT,64,
2026-09-03,00:36,LIGHT,64,
2026-09-03,00:37,LIGHT,64,
2026-09-03,00:38,LIGHT,64,
2026-09-03,00:39,LIGHT,64,
2026-09-03,00:40,LIGHT,64,
2026-09-03,00:41,LIGHT,69,
2026-09-03,00:42,LIGHT,71,
2026-09-03,00:43,LIGHT,75,
2026-09-03,00:44,LIGHT,73,
2026-09-03,00:45,LIGHT,69,
2026-09-03,00:46,LIGHT,71,
2026-09-03,00:47,LIGHT,76,
2026-09-03,00:48,LIGHT,73,
2026-09-03,00:49,LIGHT,67,
2026-09-03,00:50,LIGHT,66,
2026-09-03,00:51,LIGHT,68,
2026-09-03,00:52,LIGHT,66,
2026-09-03,00:53,LIGHT,65,
2026-09-03,00:54,LIGHT,66,
2026-09-03,00:55,LIGHT,67,
2026-09-03,00:56,LIGHT,68,
2026-09-03,00:57,LIGHT,66,
2026-09-03,00:58,LIGHT,67,
2026-09-03,00:59,LIGHT,72,
2026-09-03,01:00,WAKE,76,
2026-09-03,01:01,LIGHT,73,
2026-09-03,01:02,LIGHT,70,
2026-09-03,01:03,LIGHT,65,
2026-09-03,01:04,LIGHT,63,
2026-09-03,01:05,LIGHT,63,
2026-09-03,01:06,LIGHT,64,
2026-09-03,01:07,LIGHT,76,
2026-09-03,01:08,LIGHT,75,
2026-09-03,01:09,LIGHT,69,
2026-09-03,01:10,LIGHT,67,
2026-09-03,01:11,LIGHT,68,
2026-09-03,01:12,LIGHT,68,
2026-09-03,01:13,LIGHT,68,
2026-09-03,01:14,LIGHT,68,
2026-09-03,01:15,LIGHT,68,
2026-09-03,01:16,LIGHT,68,
2026-09-03,01:17,LIGHT,68,
2026-09-03,01:18,LIGHT,75,
2026-09-03,01:19,LIGHT,75,
2026-09-03,01:20,LIGHT,80,
2026-09-03,01:21,LIGHT,77,
2026-09-03,01:22,LIGHT,73,
2026-09-03,01:23,LIGHT,68,
2026-09-03,01:24,LIGHT,67,
2026-09-03,01:25,LIGHT,67,
2026-09-03,01:26,LIGHT,66,
2026-09-03,01:27,LIGHT,65,
2026-09-03,01:28,LIGHT,64,
2026-09-03,01:29,LIGHT,63,
2026-09-03,01:30,LIGHT,63,
2026-09-03,01:31,LIGHT,68,
2026-09-03,01:32,LIGHT,74,
2026-09-03,01:33,LIGHT,77,
2026-09-03,01:34,LIGHT,72,
2026-09-03,01:35,LIGHT,68,
2026-09-03,01:36,LIGHT,65,
2026-09-03,01:37,LIGHT,65,
2026-09-03,01:38,LIGHT,80,
2026-09-03,01:39,LIGHT,72,
2026-09-03,01:40,LIGHT,77,
2026-09-03,01:41,LIGHT,89,
2026-09-03,01:42,REM,86,
2026-09-03,01:43,REM,78,
2026-09-03,01:44,REM,75,
2026-09-03,01:45,REM,70,
2026-09-03,01:46,REM,70,
2026-09-03,01:47,REM,70,
2026-09-03,01:48,REM,70,
2026-09-03,01:49,REM,69,
2026-09-03,01:50,REM,68,
2026-09-03,01:51,REM,67,
2026-09-03,01:52,REM,67,
2026-09-03,01:53,REM,65,
2026-09-03,01:54,REM,64,
2026-09-03,01:55,REM,64,
2026-09-03,01:56,REM,65,
2026-09-03,01:57,REM,65,
2026-09-03,01:58,REM,66,
2026-09-03,01:59,REM,65,
2026-09-03,02:00,REM,65,
2026-09-03,02:01,REM,64,
2026-09-03,02:02,REM,64,
2026-09-03,02:03,REM,64,
2026-09-03,02:04,REM,64,
2026-09-03,02:05,REM,64,
2026-09-03,02:06,REM,65,
2026-09-03,02:07,REM,65,
2026-09-03,02:08,REM,64,
2026-09-03,02:09,REM,64,
2026-09-03,02:10,REM,76,
2026-09-03,02:11,LIGHT,80,
2026-09-03,02:12,LIGHT,77,
2026-09-03,02:13,LIGHT,72,
2026-09-03,02:14,LIGHT,79,
2026-09-03,02:15,LIGHT,78,
2026-09-03,02:16,LIGHT,75,
2026-09-03,02:17,LIGHT,75,
2026-09-03,02:18,LIGHT,72,
2026-09-03,02:19,LIGHT,67,
2026-09-03,02:20,LIGHT,68,
2026-09-03,02:21,LIGHT,70,
2026-09-03,02:22,LIGHT,70,
2026-09-03,02:23,LIGHT,70,
2026-09-03,02:24,LIGHT,64,
2026-09-03,02:25,LIGHT,62,
2026-09-03,02:26,LIGHT,63,
2026-09-03,02:27,LIGHT,68,
2026-09-03,02:28,LIGHT,69,
2026-09-03,02:29,LIGHT,71,
2026-09-03,02:30,LIGHT,73,
2026-09-03,02:31,DEEP,70,
2026-09-03,02:32,DEEP,75,
2026-09-03,02:33,DEEP,77,
2026-09-03,02:34,DEEP,72,
2026-09-03,02:35,DEEP,69,
2026-09-03,02:36,DEEP,64,
2026-09-03,02:37,DEEP,64,
2026-09-03,02:38,DEEP,64,
2026-09-03,02:39,DEEP,65,
2026-09-03,02:40,DEEP,75,
2026-09-03,02:41,DEEP,77,
2026-09-03,02:42,LIGHT,69,
2026-09-03,02:43,LIGHT,63,
2026-09-03,02:44,LIGHT,60,
2026-09-03,02:45,LIGHT,57,
2026-09-03,02:46,LIGHT,57,
2026-09-03,02:47,LIGHT,60,
2026-09-03,02:48,LIGHT,70,
2026-09-03,02:49,LIGHT,73,
2026-09-03,02:50,LIGHT,73,
2026-09-03,02:51,LIGHT,69,
2026-09-03,02:52,LIGHT,64,
2026-09-03,02:53,LIGHT,61,
2026-09-03,02:54,LIGHT,61,
2026-09-03,02:55,LIGHT,67,
2026-09-03,02:56,LIGHT,71,
2026-09-03,02:57,LIGHT,70,
2026-09-03,02:58,LIGHT,67,
2026-09-03,02:59,LIGHT,64,
2026-09-03,03:00,LIGHT,64,
2026-09-03,03:01,LIGHT,68,
2026-09-03,03:02,LIGHT,69,
2026-09-03,03:03,LIGHT,69,
2026-09-03,03:04,LIGHT,69,
2026-09-03,03:05,LIGHT,68,
2026-09-03,03:06,LIGHT,66,
2026-09-03,03:07,LIGHT,65,
2026-09-03,03:08,LIGHT,65,
2026-09-03,03:09,LIGHT,64,
2026-09-03,03:10,LIGHT,70,
2026-09-03,03:11,LIGHT,73,
2026-09-03,03:12,LIGHT,69,
2026-09-03,03:13,LIGHT,67,
2026-09-03,03:14,WAKE,67,
2026-09-03,03:15,LIGHT,67,
2026-09-03,03:16,LIGHT,67,
2026-09-03,03:17,LIGHT,67,
2026-09-03,03:18,LIGHT,82,
2026-09-03,03:19,LIGHT,79,
2026-09-03,03:20,LIGHT,71,
2026-09-03,03:21,LIGHT,64,
2026-09-03,03:22,LIGHT,70,
2026-09-03,03:23,LIGHT,69,
2026-09-03,03:24,LIGHT,69,
2026-09-03,03:25,LIGHT,69,
2026-09-03,03:26,LIGHT,69,
2026-09-03,03:27,REM,70,
2026-09-03,03:28,REM,71,
2026-09-03,03:29,REM,70,
2026-09-03,03:30,REM,70,
2026-09-03,03:31,REM,69,
2026-09-03,03:32,REM,67,
2026-09-03,03:33,REM,67,
2026-09-03,03:34,REM,64,
2026-09-03,03:35,REM,63,
2026-09-03,03:36,REM,63,
2026-09-03,03:37,REM,63,
2026-09-03,03:38,REM,64,
2026-09-03,03:39,REM,64,
2026-09-03,03:40,REM,64,
2026-09-03,03:41,REM,65,
2026-09-03,03:42,REM,65,
2026-09-03,03:43,REM,65,
2026-09-03,03:44,REM,65,
2026-09-03,03:45,REM,65,
2026-09-03,03:46,REM,65,
2026-09-03,03:47,REM,65,
2026-09-03,03:48,REM,65,
2026-09-03,03:49,LIGHT,64,
2026-09-03,03:50,LIGHT,64,
2026-09-03,03:51,LIGHT,66,
2026-09-03,03:52,LIGHT,66,
2026-09-03,03:53,LIGHT,65,
2026-09-03,03:54,LIGHT,63,
2026-09-03,03:55,LIGHT,63,
2026-09-03,03:56,LIGHT,63,
2026-09-03,03:57,LIGHT,61,
2026-09-03,03:58,LIGHT,63,
2026-09-03,03:59,LIGHT,63,
2026-09-03,04:00,LIGHT,63,
2026-09-03,04:01,LIGHT,63,
2026-09-03,04:02,LIGHT,63,
2026-09-03,04:03,LIGHT,62,
2026-09-03,04:04,LIGHT,62,
2026-09-03,04:05,LIGHT,63,
2026-09-03,04:06,LIGHT,64,
2026-09-03,04:07,LIGHT,64,
2026-09-03,04:08,LIGHT,65,
2026-09-03,04:09,LIGHT,65,
2026-09-03,04:10,LIGHT,62,
2026-09-03,04:11,LIGHT,82,
2026-09-03,04:12,LIGHT,78,
2026-09-03,04:13,LIGHT,70,
2026-09-03,04:14,LIGHT,66,
2026-09-03,04:15,LIGHT,63,
2026-09-03,04:16,LIGHT,70,
2026-09-03,04:17,LIGHT,72,
2026-09-03,04:18,LIGHT,71,
2026-09-03,04:19,DEEP,65,
2026-09-03,04:20,DEEP,61,
2026-09-03,04:21,DEEP,59,
2026-09-03,04:22,DEEP,59,
2026-09-03,04:23,DEEP,62,
2026-09-03,04:24,DEEP,67,
2026-09-03,04:25,DEEP,66,
2026-09-03,04:26,DEEP,65,
2026-09-03,04:27,DEEP,65,
2026-09-03,04:28,LIGHT,67,
2026-09-03,04:29,LIGHT,73,
2026-09-03,04:30,LIGHT,69,
2026-09-03,04:31,LIGHT,69,
2026-09-03,04:32,LIGHT,70,
2026-09-03,04:33,LIGHT,67,
2026-09-03,04:34,LIGHT,64,
2026-09-03,04:35,LIGHT,60,
2026-09-03,04:36,LIGHT,64,
2026-09-03,04:37,LIGHT,64,
2026-09-03,04:38,LIGHT,74,
2026-09-03,04:39,LIGHT,71,
2026-09-03,04:40,LIGHT,64,
2026-09-03,04:41,LIGHT,62,
2026-09-03,04:42,LIGHT,60,
2026-09-03,04:43,LIGHT,60,
2026-09-03,04:44,LIGHT,61,
2026-09-03,04:45,REM,69,
2026-09-03,04:46,REM,78,
2026-09-03,04:47,REM,81,
2026-09-03,04:48,REM,78,
2026-09-03,04:49,REM,80,
2026-09-03,04:50,REM,77,
2026-09-03,04:51,REM,76,
2026-09-03,04:52,REM,74,
2026-09-03,04:53,REM,72,
2026-09-03,04:54,REM,71,
2026-09-03,04:55,REM,65,
2026-09-03,04:56,REM,63,
2026-09-03,04:57,REM,65,
2026-09-03,04:58,REM,67,
2026-09-03,04:59,REM,70,
2026-09-03,05:00,REM,70,
2026-09-03,05:01,REM,70,
2026-09-03,05:02,REM,70,
2026-09-03,05:03,REM,67,
2026-09-03,05:04,REM,67,
2026-09-03,05:05,REM,68,
2026-09-03,05:06,REM,68,
2026-09-03,05:07,REM,75,
2026-09-03,05:08,REM,72,
2026-09-03,05:09,REM,72,
2026-09-03,05:10,REM,71,
2026-09-03,05:11,REM,69,
2026-09-03,05:12,REM,71,
2026-09-03,05:13,REM,73,
2026-09-03,05:14,REM,70,
2026-09-03,05:15,REM,67,
2026-09-03,05:16,REM,66,
2026-09-03,05:17,REM,66,
2026-09-03,05:18,REM,67,
2026-09-03,05:19,REM,66,
2026-09-03,05:20,REM,66,
2026-09-03,05:21,REM,67,
2026-09-03,05:22,LIGHT,68,
2026-09-03,05:23,LIGHT,68,
2026-09-03,05:24,LIGHT,78,
2026-09-03,05:25,LIGHT,80,
2026-09-03,05:26,LIGHT,76,
2026-09-03,05:27,LIGHT,70,
2026-09-03,05:28,LIGHT,66,
2026-09-03,05:29,LIGHT,66,
2026-09-03,05:30,LIGHT,66,
2026-09-03,05:31,LIGHT,65,
2026-09-03,05:32,LIGHT,63,
2026-09-03,05:33,LIGHT,66,
2026-09-03,05:34,LIGHT,67,
2026-09-03,05:35,LIGHT,70,
2026-09-03,05:36,LIGHT,69,
2026-09-03,05:37,LIGHT,66,
2026-09-03,05:38,LIGHT,64,
2026-09-03,05:39,LIGHT,63,
2026-09-03,05:40,LIGHT,76,
2026-09-03,05:41,LIGHT,78,
2026-09-03,05:42,LIGHT,74,
2026-09-03,05:43,LIGHT,67,
2026-09-03,05:44,LIGHT,64,
2026-09-03,05:45,LIGHT,64,
2026-09-03,05:46,LIGHT,66,
2026-09-03,05:47,LIGHT,67,
2026-09-03,05:48,LIGHT,65,
2026-09-03,05:49,LIGHT,64,
2026-09-03,05:50,LIGHT,69,
2026-09-03,05:51,LIGHT,72,
2026-09-03,05:52,LIGHT,70,
2026-09-03,05:53,LIGHT,66,
2026-09-03,05:54,LIGHT,63,
2026-09-03,23:51,LIGHT,66,
2026-09-03,23:52,LIGHT,68,
2026-09-03,23:53,LIGHT,78,
2026-09-03,23:54,LIGHT,78,
2026-09-03,23:55,LIGHT,69,
2026-09-03,23:56,LIGHT,65,
2026-09-03,23:57,LIGHT,63,
2026-09-03,23:58,LIGHT,63,
2026-09-03,23:59,LIGHT,62,
2026-09-04,00:00,DEEP,65,
2026-09-04,00:01,DEEP,67,
2026-09-04,00:02,DEEP,67,
2026-09-04,00:03,DEEP,65,
2026-09-04,00:04,DEEP,64,
2026-09-04,00:05,DEEP,64,
2026-09-04,00:06,DEEP,75,
2026-09-04,00:07,DEEP,73,
2026-09-04,00:08,DEEP,69,
2026-09-04,00:09,DEEP,66,
2026-09-04,00:10,DEEP,63,
2026-09-04,00:11,DEEP,60,
2026-09-04,00:12,DEEP,60,
2026-09-04,00:13,DEEP,62,
2026-09-04,00:14,DEEP,66,
2026-09-04,00:15,DEEP,76,
2026-09-04,00:16,DEEP,78,
2026-09-04,00:17,DEEP,80,
2026-09-04,00:18,DEEP,77,
2026-09-04,00:19,DEEP,74,
2026-09-04,00:20,DEEP,71,
2026-09-04,00:21,DEEP,68,
2026-09-04,00:22,DEEP,65,
2026-09-04,00:23,DEEP,64,
2026-09-04,00:24,DEEP,64,
2026-09-04,00:25,DEEP,64,
2026-09-04,00:26,DEEP,65,
2026-09-04,00:27,DEEP,65,
2026-09-04,00:28,DEEP,64,
2026-09-04,00:29,DEEP,64,
2026-09-04,00:30,DEEP,64,
2026-09-04,00:31,DEEP,65,
2026-09-04,00:32,DEEP,65,
2026-09-04,00:33,DEEP,65,
2026-09-04,00:34,DEEP,67,
2026-09-04,00:35,DEEP,64,
2026-09-04,00:36,DEEP,64,
2026-09-04,00:37,DEEP,66,
2026-09-04,00:38,DEEP,67,
2026-09-04,00:39,DEEP,67,
2026-09-04,00:40,DEEP,66,
2026-09-04,00:41,DEEP,64,
2026-09-04,00:42,DEEP,62,
2026-09-04,00:43,LIGHT,62,
2026-09-04,00:44,LIGHT,64,
2026-09-04,00:45,LIGHT,64,
2026-09-04,00:46,LIGHT,65,
2026-09-04,00:47,LIGHT,65,
2026-09-04,00:48,LIGHT,66,
2026-09-04,00:49,LIGHT,66,
2026-09-04,00:50,LIGHT,66,
2026-09-04,00:51,REM,63,
2026-09-04,00:52,REM,61,
2026-09-04,00:53,REM,61,
2026-09-04,00:54,REM,61,
2026-09-04,00:55,REM,62,
2026-09-04,00:56,REM,63,
2026-09-04,00:57,REM,63,
2026-09-04,00:58,REM,63,
2026-09-04,00:59,REM,76,
2026-09-04,01:00,REM,76,
2026-09-04,01:01,REM,66,
2026-09-04,01:02,REM,63,
2026-09-04,01:03,REM,62,
2026-09-04,01:04,REM,61,
2026-09-04,01:05,REM,61,
2026-09-04,01:06,LIGHT,61,
2026-09-04,01:07,LIGHT,62,
2026-09-04,01:08,LIGHT,62,
2026-09-04,01:09,LIGHT,63,
2026-09-04,01:10,LIGHT,63,
2026-09-04,01:11,LIGHT,63,
2026-09-04,01:12,LIGHT,63,
2026-09-04,01:13,LIGHT,64,
2026-09-04,01:14,LIGHT,65,
2026-09-04,01:15,LIGHT,63,
2026-09-04,01:16,LIGHT,63,
2026-09-04,01:17,LIGHT,65,
2026-09-04,01:18,LIGHT,65,
2026-09-04,01:19,LIGHT,65,
2026-09-04,01:20,LIGHT,65,
2026-09-04,01:21,LIGHT,65,
2026-09-04,01:22,LIGHT,64,
2026-09-04,01:23,LIGHT,62,
2026-09-04,01:24,LIGHT,61,
2026-09-04,01:25,LIGHT,63,
2026-09-04,01:26,LIGHT,64,
2026-09-04,01:27,LIGHT,64,
2026-09-04,01:28,LIGHT,64,
2026-09-04,01:29,LIGHT,64,
2026-09-04,01:30,LIGHT,64,
2026-09-04,01:31,LIGHT,64,
2026-09-04,01:32,WAKE,79,
2026-09-04,01:33,WAKE,80,
2026-09-04,01:34,LIGHT,78,
2026-09-04,01:35,LIGHT,75,
2026-09-04,01:36,LIGHT,74,
2026-09-04,01:37,LIGHT,70,
2026-09-04,01:38,LIGHT,72,
2026-09-04,01:39,WAKE,72,
2026-09-04,01:40,LIGHT,72,
2026-09-04,01:41,LIGHT,74,
2026-09-04,01:42,LIGHT,75,
2026-09-04,01:43,LIGHT,72,
2026-09-04,01:44,LIGHT,72,
2026-09-04,01:45,LIGHT,72,
2026-09-04,01:46,LIGHT,77,
2026-09-04,01:47,LIGHT,69,
2026-09-04,01:48,LIGHT,69,
2026-09-04,01:49,LIGHT,73,
2026-09-04,01:50,LIGHT,73,
2026-09-04,01:51,LIGHT,70,
2026-09-04,01:52,LIGHT,68,
2026-09-04,01:53,LIGHT,67,
2026-09-04,01:54,LIGHT,67,
2026-09-04,01:55,LIGHT,67,
2026-09-04,01:56,LIGHT,67,
2026-09-04,01:57,LIGHT,66,
2026-09-04,01:58,LIGHT,66,
2026-09-04,01:59,DEEP,71,
2026-09-04,02:00,DEEP,76,
2026-09-04,02:01,DEEP,73,
2026-09-04,02:02,DEEP,70,
2026-09-04,02:03,DEEP,68,
2026-09-04,02:04,DEEP,67,
2026-09-04,02:05,DEEP,68,
2026-09-04,02:06,DEEP,68,
2026-09-04,02:07,DEEP,68,
2026-09-04,02:08,DEEP,68,
2026-09-04,02:09,DEEP,69,
2026-09-04,02:10,DEEP,69,
2026-09-04,02:11,LIGHT,68,
2026-09-04,02:12,LIGHT,67,
2026-09-04,02:13,LIGHT,68,
2026-09-04,02:14,LIGHT,67,
2026-09-04,02:15,LIGHT,66,
2026-09-04,02:16,LIGHT,66,
2026-09-04,02:17,LIGHT,66,
2026-09-04,02:18,LIGHT,66,
2026-09-04,02:19,LIGHT,65,
2026-09-04,02:20,LIGHT,66,
2026-09-04,02:21,REM,65,
2026-09-04,02:22,REM,65,
2026-09-04,02:23,REM,65,
2026-09-04,02:24,REM,65,
2026-09-04,02:25,REM,65,
2026-09-04,02:26,REM,65,
2026-09-04,02:27,REM,72,
2026-09-04,02:28,REM,79,
2026-09-04,02:29,REM,71,
2026-09-04,02:30,REM,66,
2026-09-04,02:31,REM,66,
2026-09-04,02:32,REM,66,
2026-09-04,02:33,REM,65,
2026-09-04,02:34,REM,63,
2026-09-04,02:35,REM,63,
2026-09-04,02:36,REM,65,
2026-09-04,02:37,REM,67,
2026-09-04,02:38,REM,68,
2026-09-04,02:39,REM,67,
2026-09-04,02:40,REM,68,
2026-09-04,02:41,REM,69,
2026-09-04,02:42,REM,69,
2026-09-04,02:43,REM,68,
2026-09-04,02:44,REM,67,
2026-09-04,02:45,REM,68,
2026-09-04,02:46,REM,67,
2026-09-04,02:47,REM,66,
2026-09-04,02:48,REM,66,
2026-09-04,02:49,REM,68,
2026-09-04,02:50,REM,67,
2026-09-04,02:51,REM,68,
2026-09-04,02:52,REM,68,
2026-09-04,02:53,REM,84,
2026-09-04,02:54,REM,84,
2026-09-04,02:55,REM,77,
2026-09-04,02:56,REM,71,
2026-09-04,02:57,REM,71,
2026-09-04,02:58,REM,68,
2026-09-04,02:59,REM,70,
2026-09-04,03:00,REM,75,
2026-09-04,03:01,REM,80,
2026-09-04,03:02,REM,74,
2026-09-04,03:03,REM,68,
2026-09-04,03:04,REM,65,
2026-09-04,03:05,REM,65,
2026-09-04,03:06,REM,66,
2026-09-04,03:07,REM,67,
2026-09-04,03:08,REM,66,
2026-09-04,03:09,REM,69,
2026-09-04,03:10,REM,75,
2026-09-04,03:11,REM,75,
2026-09-04,03:12,LIGHT,74,
2026-09-04,03:13,LIGHT,71,
2026-09-04,03:14,LIGHT,69,
2026-09-04,03:15,LIGHT,65,
2026-09-04,03:16,LIGHT,63,
2026-09-04,03:17,LIGHT,69,
2026-09-04,03:18,LIGHT,71,
2026-09-04,03:19,LIGHT,71,
2026-09-04,03:20,LIGHT,69,
2026-09-04,03:21,LIGHT,73,
2026-09-04,03:22,LIGHT,68,
2026-09-04,03:23,LIGHT,69,
2026-09-04,03:24,LIGHT,66,
2026-09-04,03:25,LIGHT,67,
2026-09-04,03:26,LIGHT,82,
2026-09-04,03:27,LIGHT,86,
2026-09-04,03:28,LIGHT,82,
2026-09-04,03:29,LIGHT,78,
2026-09-04,03:30,LIGHT,75,
2026-09-04,03:31,LIGHT,71,
2026-09-04,03:32,LIGHT,70,
2026-09-04,03:33,LIGHT,70,
2026-09-04,03:34,LIGHT,69,
2026-09-04,03:35,LIGHT,69,
2026-09-04,03:36,LIGHT,71,
2026-09-04,03:37,LIGHT,72,
2026-09-04,03:38,LIGHT,72,
2026-09-04,03:39,LIGHT,73,
2026-09-04,03:40,LIGHT,72,
2026-09-04,03:41,LIGHT,69,
2026-09-04,03:42,LIGHT,75,
2026-09-04,03:43,LIGHT,78,
2026-09-04,03:44,LIGHT,77,
2026-09-04,03:45,LIGHT,74,
2026-09-04,03:46,LIGHT,73,
2026-09-04,03:47,LIGHT,72,
2026-09-04,03:48,DEEP,72,
2026-09-04,03:49,DEEP,71,
2026-09-04,03:50,DEEP,71,
2026-09-04,03:51,DEEP,71,
2026-09-04,03:52,DEEP,71,
2026-09-04,03:53,DEEP,71,
2026-09-04,03:54,DEEP,72,
2026-09-04,03:55,DEEP,72,
2026-09-04,03:56,DEEP,71,
2026-09-04,03:57,DEEP,71,
2026-09-04,03:58,DEEP,70,
2026-09-04,03:59,DEEP,70,
2026-09-04,04:00,DEEP,70,
2026-09-04,04:01,DEEP,70,
2026-09-04,04:02,DEEP,70,
2026-09-04,04:03,DEEP,70,
2026-09-04,04:04,DEEP,71,
2026-09-04,04:05,DEEP,71,
2026-09-04,04:06,DEEP,70,
2026-09-04,04:07,DEEP,70,
2026-09-04,04:08,DEEP,70,
2026-09-04,04:09,DEEP,70,
2026-09-04,04:10,DEEP,71,
2026-09-04,04:11,DEEP,71,
2026-09-04,04:12,LIGHT,73,
2026-09-04,04:13,LIGHT,75,
2026-09-04,04:14,LIGHT,73,
2026-09-04,04:15,LIGHT,72,
2026-09-04,04:16,LIGHT,72,
2026-09-04,04:17,LIGHT,78,
2026-09-04,04:18,LIGHT,79,
2026-09-04,04:19,LIGHT,76,
2026-09-04,04:20,LIGHT,72,
2026-09-04,04:21,LIGHT,71,
2026-09-04,04:22,REM,71,
2026-09-04,04:23,REM,74,
2026-09-04,04:24,REM,75,
2026-09-04,04:25,REM,71,
2026-09-04,04:26,REM,70,
2026-09-04,04:27,REM,72,
2026-09-04,04:28,REM,73,
2026-09-04,04:29,REM,66,
2026-09-04,04:30,REM,66,
2026-09-04,04:31,REM,71,
2026-09-04,04:32,REM,70,
2026-09-04,04:33,REM,70,
2026-09-04,04:34,REM,69,
2026-09-04,04:35,REM,66,
2026-09-04,04:36,REM,76,
2026-09-04,04:37,REM,76,
2026-09-04,04:38,REM,74,
2026-09-04,04:39,REM,72,
2026-09-04,04:40,REM,69,
2026-09-04,04:41,REM,73,
2026-09-04,04:42,REM,72,
2026-09-04,04:43,REM,66,
2026-09-04,04:44,REM,68,
2026-09-04,04:45,REM,73,
2026-09-04,04:46,REM,70,
2026-09-04,04:47,REM,66,
2026-09-04,04:48,REM,72,
2026-09-04,04:49,REM,74,
2026-09-04,04:50,REM,74,
2026-09-04,04:51,REM,69,
2026-09-04,04:52,REM,65,
2026-09-04,04:53,REM,65,
2026-09-04,04:54,REM,65,
2026-09-04,04:55,LIGHT,65,
2026-09-04,04:56,LIGHT,77,
2026-09-04,04:57,LIGHT,74,
2026-09-04,04:58,LIGHT,73,
2026-09-04,04:59,LIGHT,75,
2026-09-04,05:00,LIGHT,76,
2026-09-04,05:01,LIGHT,76,
2026-09-04,05:02,LIGHT,76,
2026-09-04,05:03,LIGHT,78,
2026-09-04,05:04,LIGHT,78,
2026-09-04,05:05,LIGHT,77,
2026-09-04,05:06,LIGHT,71,
2026-09-04,05:07,LIGHT,68,
2026-09-04,05:08,LIGHT,70,
2026-09-04,05:09,LIGHT,72,
2026-09-04,05:10,LIGHT,74,
2026-09-04,05:11,LIGHT,76,
2026-09-04,05:12,LIGHT,76,
2026-09-04,05:13,LIGHT,76,
2026-09-04,05:14,LIGHT,73,
2026-09-04,05:15,LIGHT,73,
2026-09-04,05:16,LIGHT,75,
2026-09-04,05:17,LIGHT,76,
2026-09-04,05:18,LIGHT,74,
2026-09-04,05:19,LIGHT,71,
2026-09-04,05:20,LIGHT,71,
2026-09-04,05:21,LIGHT,71,
2026-09-04,05:22,LIGHT,70,
2026-09-04,05:23,LIGHT,70,
2026-09-04,05:24,LIGHT,72,
2026-09-04,05:25,LIGHT,74,
2026-09-04,05:26,LIGHT,74,
2026-09-04,05:27,LIGHT,74,
2026-09-04,05:28,LIGHT,74,
2026-09-04,05:29,LIGHT,72,
2026-09-04,05:30,LIGHT,72,
2026-09-04,05:31,LIGHT,73,
2026-09-04,05:32,LIGHT,72,
2026-09-04,05:33,LIGHT,74,
2026-09-04,05:34,LIGHT,71,
2026-09-04,05:35,LIGHT,80,
2026-09-04,05:36,LIGHT,80,
2026-09-04,05:37,LIGHT,77,
2026-09-04,05:38,LIGHT,74,
2026-09-04,05:39,LIGHT,74,
2026-09-04,05:40,LIGHT,76,
2026-09-04,05:41,LIGHT,78,
2026-09-04,05:42,LIGHT,75,
2026-09-04,05:43,LIGHT,75,
2026-09-04,05:44,REM,74,
2026-09-04,05:45,REM,75,
2026-09-04,05:46,REM,77,
2026-09-04,05:47,REM,74,
2026-09-04,05:48,REM,81,
2026-09-04,05:49,REM,81,
2026-09-04,05:50,REM,81,
2026-09-04,05:51,REM,81,
2026-09-04,05:52,REM,84,
2026-09-04,05:53,REM,86,
2026-09-04,05:54,REM,84,
2026-09-04,05:55,REM,85,
2026-09-04,05:56,REM,88,
2026-09-04,05:57,REM,87,
2026-09-04,05:58,REM,86,
2026-09-04,05:59,REM,83,
2026-09-04,06:00,REM,83,
2026-09-04,06:01,REM,84,
2026-09-04,06:02,REM,84,
2026-09-04,06:03,REM,84,
2026-09-04,06:04,REM,84,
2026-09-04,06:05,REM,78,
2026-09-04,06:06,REM,75,
2026-09-04,06:07,REM,74,
2026-09-04,06:08,LIGHT,76,
2026-09-04,06:09,LIGHT,76,
2026-09-04,06:10,LIGHT,82,
2026-09-04,06:11,LIGHT,81,
2026-09-04,06:12,LIGHT,80,
2026-09-04,13:03,LIGHT,,
2026-09-04,13:04,LIGHT,,
2026-09-04,13:05,LIGHT,98,
2026-09-04,13:06,LIGHT,,
2026-09-04,13:07,LIGHT,,
2026-09-04,13:08,LIGHT,,
2026-09-04,13:09,LIGHT,,
2026-09-04,13:10,LIGHT,98,
2026-09-04,13:11,LIGHT,,
2026-09-04,13:12,LIGHT,,
2026-09-04,13:13,LIGHT,,
2026-09-04,13:14,LIGHT,,
2026-09-04,13:15,LIGHT,98,
2026-09-04,13:16,LIGHT,,
2026-09-04,13:17,LIGHT,,
2026-09-04,13:18,DEEP,,
2026-09-04,13:19,DEEP,,
2026-09-04,13:20,DEEP,98,
2026-09-04,13:21,DEEP,,
2026-09-04,13:22,DEEP,,
2026-09-04,13:23,DEEP,,
2026-09-04,13:24,DEEP,,
2026-09-04,13:25,DEEP,104,
2026-09-04,13:26,LIGHT,103,
2026-09-04,13:27,LIGHT,107,
2026-09-04,13:28,LIGHT,,
2026-09-04,13:29,LIGHT,,
2026-09-04,13:30,LIGHT,103,
2026-09-04,13:31,LIGHT,,
2026-09-04,13:32,LIGHT,,
2026-09-04,13:33,LIGHT,,
2026-09-04,13:34,LIGHT,,
2026-09-04,13:35,LIGHT,93,
2026-09-04,13:36,LIGHT,,
2026-09-04,13:37,LIGHT,,
2026-09-04,13:38,LIGHT,,
2026-09-04,13:39,LIGHT,,
2026-09-04,13:40,LIGHT,94,
2026-09-04,13:41,LIGHT,,
2026-09-04,13:42,LIGHT,,
2026-09-04,13:43,LIGHT,,
2026-09-04,13:44,REM,,
2026-09-04,13:45,REM,95,
2026-09-04,13:46,REM,,
2026-09-04,13:47,REM,,
2026-09-04,13:48,REM,,
2026-09-04,13:49,REM,,
2026-09-04,13:50,REM,96,
2026-09-04,13:51,REM,,
2026-09-04,13:52,REM,,
2026-09-04,13:53,REM,,
2026-09-04,13:54,REM,,
2026-09-04,13:55,REM,96,
2026-09-04,13:56,LIGHT,,
2026-09-04,13:57,LIGHT,,
2026-09-04,13:58,LIGHT,,
2026-09-04,13:59,WAKE,,
2026-09-04,14:00,WAKE,96,
2026-09-04,14:01,WAKE,,
2026-09-04,14:02,WAKE,,
2026-09-04,14:03,LIGHT,,
2026-09-04,14:04,LIGHT,,
2026-09-04,14:05,LIGHT,94,
2026-09-04,14:06,LIGHT,,
2026-09-04,14:07,LIGHT,,
2026-09-04,14:08,LIGHT,,
2026-09-04,14:09,LIGHT,,
2026-09-04,23:03,LIGHT,,
2026-09-04,23:04,LIGHT,,
2026-09-04,23:05,LIGHT,107,
2026-09-04,23:06,LIGHT,,
2026-09-04,23:07,LIGHT,,
2026-09-04,23:08,LIGHT,,
2026-09-04,23:09,LIGHT,,
2026-09-04,23:10,LIGHT,101,
2026-09-04,23:11,LIGHT,,
2026-09-04,23:12,LIGHT,,
2026-09-04,23:13,LIGHT,,
2026-09-04,23:14,LIGHT,,
2026-09-04,23:15,LIGHT,96,
2026-09-04,23:16,LIGHT,,
2026-09-04,23:17,LIGHT,,
2026-09-04,23:18,LIGHT,,
2026-09-04,23:19,LIGHT,,
2026-09-04,23:20,LIGHT,91,
2026-09-04,23:21,LIGHT,,
2026-09-04,23:22,DEEP,,
2026-09-04,23:23,DEEP,,
2026-09-04,23:24,DEEP,,
2026-09-04,23:25,DEEP,85,
2026-09-04,23:26,LIGHT,,
2026-09-04,23:27,LIGHT,,
2026-09-04,23:28,LIGHT,,
2026-09-04,23:29,LIGHT,,
2026-09-04,23:30,LIGHT,80,
2026-09-04,23:31,LIGHT,,
2026-09-04,23:32,LIGHT,,
2026-09-04,23:33,LIGHT,,
2026-09-04,23:34,LIGHT,,
2026-09-04,23:35,LIGHT,90,
2026-09-04,23:36,LIGHT,,
2026-09-04,23:37,LIGHT,,
2026-09-04,23:38,LIGHT,,
2026-09-04,23:39,LIGHT,,
2026-09-04,23:40,LIGHT,92,
2026-09-04,23:41,LIGHT,,
2026-09-04,23:42,DEEP,,
2026-09-04,23:43,DEEP,,
2026-09-04,23:44,DEEP,,
2026-09-04,23:45,DEEP,84,
2026-09-04,23:46,DEEP,,
2026-09-04,23:47,DEEP,,
2026-09-04,23:48,DEEP,,
2026-09-04,23:49,DEEP,78,
2026-09-04,23:50,LIGHT,72,
2026-09-04,23:51,LIGHT,69,
2026-09-04,23:52,LIGHT,69,
2026-09-04,23:53,LIGHT,70,
2026-09-04,23:54,WAKE,69,
2026-09-04,23:55,LIGHT,70,
2026-09-04,23:56,LIGHT,71,
2026-09-04,23:57,LIGHT,72,
2026-09-04,23:58,LIGHT,71,
2026-09-04,23:59,LIGHT,70,
2026-09-05,00:00,LIGHT,70,
2026-09-05,00:01,LIGHT,75,
2026-09-05,00:02,LIGHT,76,
2026-09-05,00:03,REM,76,
2026-09-05,00:04,REM,73,
2026-09-05,00:05,REM,74,
2026-09-05,00:06,REM,74,
2026-09-05,00:07,REM,71,
2026-09-05,00:08,REM,70,
2026-09-05,00:09,REM,68,
2026-09-05,00:10,REM,66,
2026-09-05,00:11,REM,65,
2026-09-05,00:12,REM,64,
2026-09-05,00:13,REM,64,
2026-09-05,00:14,REM,64,
2026-09-05,00:15,REM,65,
2026-09-05,00:16,REM,66,
2026-09-05,00:17,LIGHT,67,
2026-09-05,00:18,LIGHT,67,
2026-09-05,00:19,LIGHT,66,
2026-09-05,00:20,LIGHT,66,
2026-09-05,00:21,LIGHT,66,
2026-09-05,00:22,LIGHT,66,
2026-09-05,00:23,LIGHT,66,
2026-09-05,00:24,LIGHT,64,
2026-09-05,00:25,LIGHT,65,
2026-09-05,00:26,LIGHT,65,
2026-09-05,00:27,LIGHT,67,
2026-09-05,00:28,LIGHT,67,
2026-09-05,00:29,LIGHT,67,
2026-09-05,00:30,LIGHT,81,
2026-09-05,00:31,LIGHT,80,
2026-09-05,00:32,LIGHT,74,
2026-09-05,00:33,LIGHT,73,
2026-09-05,00:34,LIGHT,84,
2026-09-05,00:35,LIGHT,79,
2026-09-05,00:36,LIGHT,75,
2026-09-05,00:37,LIGHT,71,
2026-09-05,00:38,LIGHT,67,
2026-09-05,00:39,LIGHT,63,
2026-09-05,00:40,LIGHT,60,
2026-09-05,00:41,LIGHT,62,
2026-09-05,00:42,LIGHT,64,
2026-09-05,00:43,LIGHT,64,
2026-09-05,00:44,LIGHT,67,
2026-09-05,00:45,LIGHT,67,
2026-09-05,00:46,LIGHT,64,
2026-09-05,00:47,LIGHT,62,
2026-09-05,00:48,LIGHT,63,
2026-09-05,00:49,LIGHT,65,
2026-09-05,00:50,LIGHT,66,
2026-09-05,00:51,LIGHT,68,
2026-09-05,00:52,LIGHT,70,
2026-09-05,00:53,LIGHT,72,
2026-09-05,00:54,LIGHT,69,
2026-09-05,00:55,LIGHT,67,
2026-09-05,00:56,LIGHT,64,
2026-09-05,00:57,LIGHT,61,
2026-09-05,00:58,LIGHT,67,
2026-09-05,00:59,LIGHT,69,
2026-09-05,01:00,LIGHT,69,
2026-09-05,01:01,LIGHT,69,
2026-09-05,01:02,LIGHT,69,
2026-09-05,01:03,LIGHT,69,
2026-09-05,01:04,LIGHT,74,
2026-09-05,01:05,LIGHT,89,
2026-09-05,01:06,LIGHT,93,
2026-09-05,01:07,LIGHT,95,
2026-09-05,01:08,LIGHT,84,
2026-09-05,01:09,LIGHT,73,
2026-09-05,01:10,DEEP,68,
2026-09-05,01:11,DEEP,64,
2026-09-05,01:12,DEEP,64,
2026-09-05,01:13,DEEP,64,
2026-09-05,01:14,DEEP,66,
2026-09-05,01:15,LIGHT,66,
2026-09-05,01:16,LIGHT,66,
2026-09-05,01:17,LIGHT,68,
2026-09-05,01:18,LIGHT,66,
2026-09-05,01:19,LIGHT,65,
2026-09-05,01:20,LIGHT,65,
2026-09-05,01:21,LIGHT,66,
2026-09-05,01:22,LIGHT,66,
2026-09-05,01:23,LIGHT,66,
2026-09-05,01:24,LIGHT,66,
2026-09-05,01:25,LIGHT,67,
2026-09-05,01:26,LIGHT,66,
2026-09-05,01:27,LIGHT,65,
2026-09-05,01:28,LIGHT,65,
2026-09-05,01:29,LIGHT,64,
2026-09-05,01:30,LIGHT,63,
2026-09-05,01:31,LIGHT,63,
2026-09-05,01:32,LIGHT,63,
2026-09-05,01:33,WAKE,63,
2026-09-05,01:34,LIGHT,63,
2026-09-05,01:35,LIGHT,64,
2026-09-05,01:36,LIGHT,65,
2026-09-05,01:37,LIGHT,65,
2026-09-05,01:38,REM,65,
2026-09-05,01:39,REM,64,
2026-09-05,01:40,REM,64,
2026-09-05,01:41,REM,61,
2026-09-05,01:42,REM,63,
2026-09-05,01:43,REM,63,
2026-09-05,01:44,REM,61,
2026-09-05,01:45,REM,60,
2026-09-05,01:46,REM,60,
2026-09-05,01:47,REM,60,
2026-09-05,01:48,REM,61,
2026-09-05,01:49,REM,60,
2026-09-05,01:50,REM,59,
2026-09-05,01:51,REM,59,
2026-09-05,01:52,REM,59,
2026-09-05,01:53,REM,59,
2026-09-05,01:54,REM,59,
2026-09-05,01:55,LIGHT,62,
2026-09-05,01:56,LIGHT,64,
2026-09-05,01:57,LIGHT,63,
2026-09-05,01:58,LIGHT,63,
2026-09-05,01:59,LIGHT,63,
2026-09-05,02:00,LIGHT,63,
2026-09-05,02:01,LIGHT,63,
2026-09-05,02:02,LIGHT,63,
2026-09-05,02:03,LIGHT,64,
2026-09-05,02:04,LIGHT,64,
2026-09-05,02:05,LIGHT,65,
2026-09-05,02:06,LIGHT,65,
2026-09-05,02:07,LIGHT,77,
2026-09-05,02:08,LIGHT,79,
2026-09-05,02:09,LIGHT,73,
2026-09-05,02:10,LIGHT,73,
2026-09-05,02:11,LIGHT,64,
2026-09-05,02:12,LIGHT,65,
2026-09-05,02:13,LIGHT,64,
2026-09-05,02:14,LIGHT,64,
2026-09-05,02:15,LIGHT,64,
2026-09-05,02:16,LIGHT,68,
2026-09-05,02:17,LIGHT,70,
2026-09-05,02:18,DEEP,70,
2026-09-05,02:19,DEEP,69,
2026-09-05,02:20,DEEP,67,
2026-09-05,02:21,DEEP,66,
2026-09-05,02:22,DEEP,66,
2026-09-05,02:23,DEEP,66,
2026-09-05,02:24,DEEP,66,
2026-09-05,02:25,LIGHT,67,
2026-09-05,02:26,LIGHT,68,
2026-09-05,02:27,LIGHT,67,
2026-09-05,02:28,WAKE,76,
2026-09-05,02:29,WAKE,75,
2026-09-05,02:30,LIGHT,86,
2026-09-05,02:31,LIGHT,86,
2026-09-05,02:32,LIGHT,83,
2026-09-05,02:33,LIGHT,83,
2026-09-05,02:34,LIGHT,78,
2026-09-05,02:35,LIGHT,73,
2026-09-05,02:36,LIGHT,72,
2026-09-05,02:37,LIGHT,72,
2026-09-05,02:38,LIGHT,73,
2026-09-05,02:39,LIGHT,73,
2026-09-05,02:40,LIGHT,73,
2026-09-05,02:41,LIGHT,74,
2026-09-05,02:42,LIGHT,74,
2026-09-05,02:43,LIGHT,76,
2026-09-05,02:44,LIGHT,76,
2026-09-05,02:45,LIGHT,85,
2026-09-05,02:46,LIGHT,80,
2026-09-05,02:47,LIGHT,77,
2026-09-05,02:48,LIGHT,71,
2026-09-05,02:49,LIGHT,66,
2026-09-05,02:50,REM,66,
2026-09-05,02:51,REM,66,
2026-09-05,02:52,REM,73,
2026-09-05,02:53,REM,77,
2026-09-05,02:54,REM,77,
2026-09-05,02:55,REM,77,
2026-09-05,02:56,REM,74,
2026-09-05,02:57,REM,71,
2026-09-05,02:58,REM,71,
2026-09-05,02:59,REM,79,
2026-09-05,03:00,REM,73,
2026-09-05,03:01,REM,71,
2026-09-05,03:02,REM,67,
2026-09-05,03:03,REM,63,
2026-09-05,03:04,REM,63,
2026-09-05,03:05,REM,65,
2026-09-05,03:06,REM,65,
2026-09-05,03:07,REM,65,
2026-09-05,03:08,REM,64,
2026-09-05,03:09,REM,61,
2026-09-05,03:10,REM,61,
2026-09-05,03:11,REM,63,
2026-09-05,03:12,REM,61,
2026-09-05,03:13,REM,61,
2026-09-05,03:14,REM,65,
2026-09-05,03:15,REM,65,
2026-09-05,03:16,REM,65,
2026-09-05,03:17,REM,66,
2026-09-05,03:18,REM,67,
2026-09-05,03:19,REM,66,
2026-09-05,03:20,REM,66,
2026-09-05,03:21,REM,67,
2026-09-05,03:22,REM,68,
2026-09-05,03:23,LIGHT,68,
2026-09-05,03:24,LIGHT,68,
2026-09-05,03:25,LIGHT,67,
2026-09-05,03:26,WAKE,67,
2026-09-05,03:27,WAKE,67,
2026-09-05,03:28,LIGHT,67,
2026-09-05,03:29,LIGHT,67,
2026-09-05,03:30,LIGHT,68,
2026-09-05,03:31,LIGHT,70,
2026-09-05,03:32,LIGHT,70,
2026-09-05,03:33,LIGHT,70,
2026-09-05,03:34,LIGHT,70,
2026-09-05,03:35,LIGHT,70,
2026-09-05,03:36,LIGHT,69,
2026-09-05,03:37,LIGHT,69,
2026-09-05,03:38,LIGHT,68,
2026-09-05,03:39,LIGHT,67,
2026-09-05,03:40,LIGHT,66,
2026-09-05,03:41,LIGHT,66,
2026-09-05,03:42,LIGHT,65,
2026-09-05,03:43,LIGHT,65,
2026-09-05,03:44,LIGHT,64,
2026-09-05,03:45,LIGHT,62,
2026-09-05,03:46,LIGHT,64,
2026-09-05,03:47,LIGHT,64,
2026-09-05,03:48,LIGHT,64,
2026-09-05,03:49,LIGHT,64,
2026-09-05,03:50,LIGHT,64,
2026-09-05,03:51,LIGHT,63,
2026-09-05,03:52,LIGHT,64,
2026-09-05,03:53,LIGHT,64,
2026-09-05,03:54,LIGHT,64,
2026-09-05,03:55,LIGHT,64,
2026-09-05,03:56,LIGHT,63,
2026-09-05,03:57,LIGHT,63,
2026-09-05,03:58,LIGHT,65,
2026-09-05,03:59,DEEP,65,
2026-09-05,04:00,DEEP,65,
2026-09-05,04:01,DEEP,63,
2026-09-05,04:02,DEEP,62,
2026-09-05,04:03,DEEP,62,
2026-09-05,04:04,DEEP,62,
2026-09-05,04:05,DEEP,72,
2026-09-05,04:06,DEEP,78,
2026-09-05,04:07,DEEP,71,
2026-09-05,04:08,DEEP,69,
2026-09-05,04:09,DEEP,66,
2026-09-05,04:10,DEEP,66,
2026-09-05,04:11,DEEP,66,
2026-09-05,04:12,DEEP,66,
2026-09-05,04:13,DEEP,65,
2026-09-05,04:14,DEEP,70,
2026-09-05,04:15,LIGHT,72,
2026-09-05,04:16,LIGHT,70,
2026-09-05,04:17,LIGHT,68,
2026-09-05,04:18,WAKE,67,
2026-09-05,04:19,LIGHT,64,
2026-09-05,04:20,LIGHT,62,
2026-09-05,04:21,LIGHT,61,
2026-09-05,04:22,LIGHT,61,
2026-09-05,04:23,LIGHT,75,
2026-09-05,04:24,LIGHT,77,
2026-09-05,04:25,LIGHT,70,
2026-09-05,04:26,LIGHT,65,
2026-09-05,04:27,REM,65,
2026-09-05,04:28,REM,62,
2026-09-05,04:29,REM,60,
2026-09-05,04:30,REM,60,
2026-09-05,04:31,REM,58,
2026-09-05,04:32,REM,58,
2026-09-05,04:33,REM,59,
2026-09-05,04:34,REM,65,
2026-09-05,04:35,REM,69,
2026-09-05,04:36,REM,73,
2026-09-05,04:37,REM,76,
2026-09-05,04:38,REM,73,
2026-09-05,04:39,REM,68,
2026-09-05,04:40,REM,68,
2026-09-05,04:41,REM,67,
2026-09-05,04:42,REM,63,
2026-09-05,04:43,REM,61,
2026-09-05,04:44,REM,63,
2026-09-05,04:45,REM,78,
2026-09-05,04:46,REM,80,
2026-09-05,04:47,REM,75,
2026-09-05,04:48,REM,72,
2026-09-05,04:49,REM,67,
2026-09-05,04:50,REM,65,
2026-09-05,04:51,LIGHT,64,
2026-09-05,04:52,LIGHT,65,
2026-09-05,04:53,LIGHT,65,
2026-09-05,04:54,LIGHT,64,
2026-09-05,04:55,LIGHT,64,
2026-09-05,04:56,LIGHT,64,
2026-09-05,04:57,REM,64,
2026-09-05,04:58,REM,63,
2026-09-05,04:59,REM,61,
2026-09-05,05:00,REM,63,
2026-09-05,05:01,REM,66,
2026-09-05,05:02,REM,67,
2026-09-05,05:03,REM,67,
2026-09-05,05:04,REM,67,
2026-09-05,05:05,REM,67,
2026-09-05,05:06,REM,69,
2026-09-05,05:07,REM,69,
2026-09-05,05:08,REM,68,
2026-09-05,05:09,REM,68,
2026-09-05,05:10,LIGHT,69,
2026-09-05,05:11,LIGHT,69,
2026-09-05,05:12,LIGHT,71,
2026-09-05,05:13,LIGHT,72,
2026-09-05,05:14,LIGHT,70,
2026-09-05,05:15,LIGHT,70,
2026-09-05,05:16,LIGHT,69,
2026-09-05,05:17,LIGHT,66,
2026-09-05,05:18,LIGHT,66,
2026-09-05,05:19,LIGHT,74,
2026-09-05,05:20,LIGHT,80,
2026-09-05,05:21,LIGHT,76,
2026-09-05,05:22,LIGHT,72,
2026-09-05,05:23,LIGHT,68,
2026-09-05,05:24,LIGHT,68,
2026-09-05,05:25,LIGHT,66,
2026-09-05,05:26,LIGHT,63,
2026-09-05,05:27,LIGHT,61,
2026-09-05,05:28,LIGHT,60,
2026-09-05,05:29,LIGHT,59,
2026-09-05,05:30,LIGHT,59,
2026-09-05,05:31,LIGHT,58,
2026-09-05,05:32,LIGHT,58,
2026-09-05,05:33,LIGHT,57,
2026-09-05,05:34,LIGHT,58,
2026-09-05,05:35,LIGHT,61,
2026-09-05,05:36,LIGHT,61,
2026-09-05,05:37,LIGHT,61,
2026-09-05,05:38,LIGHT,66,
2026-09-05,05:39,LIGHT,68,
2026-09-05,05:40,LIGHT,64,
2026-09-05,05:41,LIGHT,61,
2026-09-05,05:42,LIGHT,61,
2026-09-05,05:43,LIGHT,63,
2026-09-05,05:44,LIGHT,64,
2026-09-05,05:45,LIGHT,62,
2026-09-05,23:53,LIGHT,59,
2026-09-05,23:54,LIGHT,58,
2026-09-05,23:55,LIGHT,58,
2026-09-05,23:56,LIGHT,59,
2026-09-05,23:57,LIGHT,64,
2026-09-05,23:58,LIGHT,66,
2026-09-05,23:59,LIGHT,64,
2026-09-06,00:00,LIGHT,61,
2026-09-06,00:01,LIGHT,59,
2026-09-06,00:02,LIGHT,58,
2026-09-06,00:03,LIGHT,58,
2026-09-06,00:04,LIGHT,63,
2026-09-06,00:05,LIGHT,62,
2026-09-06,00:06,LIGHT,59,
2026-09-06,00:07,LIGHT,59,
2026-09-06,00:08,LIGHT,58,
2026-09-06,00:09,LIGHT,58,
2026-09-06,00:10,LIGHT,58,
2026-09-06,00:11,LIGHT,72,
2026-09-06,00:12,LIGHT,79,
2026-09-06,00:13,LIGHT,75,
2026-09-06,00:14,DEEP,68,
2026-09-06,00:15,DEEP,65,
2026-09-06,00:16,DEEP,62,
2026-09-06,00:17,DEEP,62,
2026-09-06,00:18,DEEP,62,
2026-09-06,00:19,DEEP,62,
2026-09-06,00:20,DEEP,61,
2026-09-06,00:21,DEEP,61,
2026-09-06,00:22,DEEP,61,
2026-09-06,00:23,DEEP,62,
2026-09-06,00:24,DEEP,63,
2026-09-06,00:25,DEEP,63,
2026-09-06,00:26,DEEP,62,
2026-09-06,00:27,DEEP,61,
2026-09-06,00:28,DEEP,61,
2026-09-06,00:29,DEEP,62,
2026-09-06,00:30,DEEP,62,
2026-09-06,00:31,LIGHT,61,
2026-09-06,00:32,LIGHT,61,
2026-09-06,00:33,LIGHT,61,
2026-09-06,00:34,LIGHT,61,
2026-09-06,00:35,LIGHT,61,
2026-09-06,00:36,LIGHT,64,
2026-09-06,00:37,LIGHT,66,
2026-09-06,00:38,LIGHT,65,
2026-09-06,00:39,LIGHT,64,
2026-09-06,00:40,LIGHT,63,
2026-09-06,00:41,LIGHT,63,
2026-09-06,00:42,REM,61,
2026-09-06,00:43,REM,61,
2026-09-06,00:44,REM,60,
2026-09-06,00:45,REM,60,
2026-09-06,00:46,REM,60,
2026-09-06,00:47,REM,60,
2026-09-06,00:48,REM,61,
2026-09-06,00:49,REM,61,
2026-09-06,00:50,REM,69,
2026-09-06,00:51,REM,71,
2026-09-06,00:52,REM,64,
2026-09-06,00:53,REM,61,
2026-09-06,00:54,REM,58,
2026-09-06,00:55,REM,63,
2026-09-06,00:56,REM,64,
2026-09-06,00:57,REM,64,
2026-09-06,00:58,REM,60,
2026-09-06,00:59,REM,60,
2026-09-06,01:00,REM,64,
2026-09-06,01:01,REM,68,
2026-09-06,01:02,REM,68,
2026-09-06,01:03,REM,68,
2026-09-06,01:04,REM,68,
2026-09-06,01:05,LIGHT,68,
2026-09-06,01:06,LIGHT,71,
2026-09-06,01:07,LIGHT,71,
2026-09-06,01:08,LIGHT,68,
2026-09-06,01:09,LIGHT,65,
2026-09-06,01:10,LIGHT,65,
2026-09-06,01:11,LIGHT,62,
2026-09-06,01:12,LIGHT,64,
2026-09-06,01:13,LIGHT,66,
2026-09-06,01:14,LIGHT,69,
2026-09-06,01:15,LIGHT,67,
2026-09-06,01:16,LIGHT,64,
2026-09-06,01:17,LIGHT,62,
2026-09-06,01:18,LIGHT,65,
2026-09-06,01:19,LIGHT,67,
2026-09-06,01:20,LIGHT,64,
2026-09-06,01:21,LIGHT,61,
2026-09-06,01:22,LIGHT,59,
2026-09-06,01:23,LIGHT,62,
2026-09-06,01:24,LIGHT,65,
2026-09-06,01:25,LIGHT,65,
2026-09-06,01:26,LIGHT,67,
2026-09-06,01:27,LIGHT,66,
2026-09-06,01:28,LIGHT,63,
2026-09-06,01:29,DEEP,62,
2026-09-06,01:30,DEEP,63,
2026-09-06,01:31,DEEP,63,
2026-09-06,01:32,DEEP,63,
2026-09-06,01:33,DEEP,62,
2026-09-06,01:34,DEEP,62,
2026-09-06,01:35,DEEP,64,
2026-09-06,01:36,DEEP,66,
2026-09-06,01:37,DEEP,66,
2026-09-06,01:38,DEEP,66,
2026-09-06,01:39,DEEP,65,
2026-09-06,01:40,DEEP,65,
2026-09-06,01:41,DEEP,64,
2026-09-06,01:42,DEEP,64,
2026-09-06,01:43,DEEP,64,
2026-09-06,01:44,LIGHT,64,
2026-09-06,01:45,LIGHT,64,
2026-09-06,01:46,LIGHT,63,
2026-09-06,01:47,LIGHT,64,
2026-09-06,01:48,LIGHT,63,
2026-09-06,01:49,LIGHT,63,
2026-09-06,01:50,LIGHT,63,
2026-09-06,01:51,LIGHT,62,
2026-09-06,01:52,LIGHT,60,
2026-09-06,01:53,LIGHT,60,
2026-09-06,01:54,LIGHT,60,
2026-09-06,01:55,LIGHT,62,
2026-09-06,01:56,LIGHT,62,
2026-09-06,01:57,LIGHT,61,
2026-09-06,01:58,LIGHT,61,
2026-09-06,01:59,LIGHT,63,
2026-09-06,02:00,LIGHT,64,
2026-09-06,02:01,LIGHT,72,
2026-09-06,02:02,LIGHT,70,
2026-09-06,02:03,LIGHT,67,
2026-09-06,02:04,LIGHT,64,
2026-09-06,02:05,LIGHT,63,
2026-09-06,02:06,LIGHT,61,
2026-09-06,02:07,LIGHT,68,
2026-09-06,02:08,LIGHT,70,
2026-09-06,02:09,LIGHT,67,
2026-09-06,02:10,LIGHT,64,
2026-09-06,02:11,LIGHT,63,
2026-09-06,02:12,LIGHT,63,
2026-09-06,02:13,LIGHT,62,
2026-09-06,02:14,LIGHT,62,
2026-09-06,02:15,LIGHT,62,
2026-09-06,02:16,LIGHT,61,
2026-09-06,02:17,LIGHT,60,
2026-09-06,02:18,LIGHT,73,
2026-09-06,02:19,LIGHT,72,
2026-09-06,02:20,LIGHT,70,
2026-09-06,02:21,LIGHT,73,
2026-09-06,02:22,LIGHT,69,
2026-09-06,02:23,LIGHT,65,
2026-09-06,02:24,LIGHT,65,
2026-09-06,02:25,LIGHT,62,
2026-09-06,02:26,LIGHT,64,
2026-09-06,02:27,LIGHT,71,
2026-09-06,02:28,LIGHT,71,
2026-09-06,02:29,LIGHT,71,
2026-09-06,02:30,LIGHT,72,
2026-09-06,02:31,WAKE,71,
2026-09-06,02:32,LIGHT,68,
2026-09-06,02:33,LIGHT,65,
2026-09-06,02:34,LIGHT,62,
2026-09-06,02:35,LIGHT,62,
2026-09-06,02:36,LIGHT,62,
2026-09-06,02:37,REM,67,
2026-09-06,02:38,REM,68,
2026-09-06,02:39,REM,66,
2026-09-06,02:40,REM,63,
2026-09-06,02:41,REM,62,
2026-09-06,02:42,REM,67,
2026-09-06,02:43,REM,69,
2026-09-06,02:44,REM,65,
2026-09-06,02:45,REM,64,
2026-09-06,02:46,REM,64,
2026-09-06,02:47,REM,63,
2026-09-06,02:48,REM,63,
2026-09-06,02:49,REM,62,
2026-09-06,02:50,REM,59,
2026-09-06,02:51,REM,62,
2026-09-06,02:52,REM,65,
2026-09-06,02:53,REM,65,
2026-09-06,02:54,REM,65,
2026-09-06,02:55,REM,64,
2026-09-06,02:56,REM,64,
2026-09-06,02:57,REM,61,
2026-09-06,02:58,REM,61,
2026-09-06,02:59,REM,58,
2026-09-06,03:00,REM,60,
2026-09-06,03:01,REM,72,
2026-09-06,03:02,REM,71,
2026-09-06,03:03,REM,69,
2026-09-06,03:04,REM,69,
2026-09-06,03:05,REM,71,
2026-09-06,03:06,REM,73,
2026-09-06,03:07,REM,74,
2026-09-06,03:08,REM,71,
2026-09-06,03:09,REM,71,
2026-09-06,03:10,REM,73,
2026-09-06,03:11,REM,72,
2026-09-06,03:12,REM,72,
2026-09-06,03:13,REM,73,
2026-09-06,03:14,REM,73,
2026-09-06,03:15,REM,75,
2026-09-06,03:16,LIGHT,72,
2026-09-06,03:17,LIGHT,67,
2026-09-06,03:18,LIGHT,64,
2026-09-06,03:19,LIGHT,63,
2026-09-06,03:20,LIGHT,60,
2026-09-06,03:21,LIGHT,58,
2026-09-06,03:22,LIGHT,60,
2026-09-06,03:23,LIGHT,63,
2026-09-06,03:24,LIGHT,66,
2026-09-06,03:25,LIGHT,67,
2026-09-06,03:26,LIGHT,64,
2026-09-06,03:27,LIGHT,60,
2026-09-06,03:28,LIGHT,56,
2026-09-06,03:29,LIGHT,57,
2026-09-06,03:30,LIGHT,59,
2026-09-06,03:31,LIGHT,66,
2026-09-06,03:32,LIGHT,71,
2026-09-06,03:33,LIGHT,70,
2026-09-06,03:34,LIGHT,65,
2026-09-06,03:35,LIGHT,63,
2026-09-06,03:36,LIGHT,63,
2026-09-06,03:37,LIGHT,63,
2026-09-06,03:38,LIGHT,62,
2026-09-06,03:39,LIGHT,62,
2026-09-06,03:40,LIGHT,64,
2026-09-06,03:41,LIGHT,65,
2026-09-06,03:42,LIGHT,66,
2026-09-06,03:43,LIGHT,66,
2026-09-06,03:44,LIGHT,66,
2026-09-06,03:45,LIGHT,63,
2026-09-06,03:46,LIGHT,62,
2026-09-06,03:47,LIGHT,62,
2026-09-06,03:48,LIGHT,62,
2026-09-06,03:49,LIGHT,62,
2026-09-06,03:50,DEEP,65,
2026-09-06,03:51,DEEP,63,
2026-09-06,03:52,DEEP,64,
2026-09-06,03:53,DEEP,64,
2026-09-06,03:54,DEEP,64,
2026-09-06,03:55,DEEP,64,
2026-09-06,03:56,DEEP,64,
2026-09-06,03:57,DEEP,64,
2026-09-06,03:58,DEEP,64,
2026-09-06,03:59,DEEP,63,
2026-09-06,04:00,DEEP,61,
2026-09-06,04:01,DEEP,62,
2026-09-06,04:02,DEEP,62,
2026-09-06,04:03,DEEP,63,
2026-09-06,04:04,DEEP,63,
2026-09-06,04:05,DEEP,63,
2026-09-06,04:06,LIGHT,63,
2026-09-06,04:07,LIGHT,63,
2026-09-06,04:08,LIGHT,61,
2026-09-06,04:09,LIGHT,61,
2026-09-06,04:10,LIGHT,61,
2026-09-06,04:11,LIGHT,74,
2026-09-06,04:12,LIGHT,82,
2026-09-06,04:13,LIGHT,78,
2026-09-06,04:14,LIGHT,73,
2026-09-06,04:15,WAKE,70,
2026-09-06,04:16,LIGHT,66,
2026-09-06,04:17,LIGHT,63,
2026-09-06,04:18,LIGHT,62,
2026-09-06,04:19,LIGHT,63,
2026-09-06,04:20,LIGHT,63,
2026-09-06,04:21,LIGHT,64,
2026-09-06,04:22,REM,65,
2026-09-06,04:23,REM,65,
2026-09-06,04:24,REM,65,
2026-09-06,04:25,REM,73,
2026-09-06,04:26,REM,74,
2026-09-06,04:27,REM,72,
2026-09-06,04:28,REM,71,
2026-09-06,04:29,REM,71,
2026-09-06,04:30,REM,70,
2026-09-06,04:31,REM,76,
2026-09-06,04:32,REM,78,
2026-09-06,04:33,REM,74,
2026-09-06,04:34,REM,68,
2026-09-06,04:35,REM,65,
2026-09-06,04:36,REM,64,
2026-09-06,04:37,REM,64,
2026-09-06,04:38,REM,64,
2026-09-06,04:39,REM,63,
2026-09-06,04:40,REM,63,
2026-09-06,04:41,REM,63,
2026-09-06,04:42,REM,62,
2026-09-06,04:43,REM,62,
2026-09-06,04:44,REM,62,
2026-09-06,04:45,REM,61,
2026-09-06,04:46,LIGHT,62,
2026-09-06,04:47,LIGHT,61,
2026-09-06,04:48,LIGHT,66,
2026-09-06,04:49,LIGHT,65,
2026-09-06,04:50,LIGHT,62,
2026-09-06,04:51,LIGHT,66,
2026-09-06,04:52,LIGHT,65,
2026-09-06,04:53,LIGHT,65,
2026-09-06,04:54,LIGHT,65,
2026-09-06,04:55,LIGHT,64,
2026-09-06,04:56,LIGHT,65,
2026-09-06,04:57,LIGHT,65,
2026-09-06,04:58,LIGHT,81,
2026-09-06,04:59,LIGHT,71,
2026-09-06,05:00,LIGHT,68,
2026-09-06,05:01,LIGHT,64,
2026-09-06,05:02,LIGHT,64,
2026-09-06,05:03,LIGHT,66,
2026-09-06,05:04,LIGHT,63,
2026-09-06,05:05,LIGHT,63,
2026-09-06,05:06,LIGHT,61,
2026-09-06,05:07,LIGHT,60,
2026-09-06,05:08,LIGHT,61,
2026-09-06,05:09,LIGHT,61,
2026-09-06,05:10,LIGHT,67,
2026-09-06,05:11,LIGHT,67,
2026-09-06,05:12,LIGHT,69,
2026-09-06,05:13,LIGHT,68,
2026-09-06,05:14,LIGHT,67,
2026-09-06,05:15,LIGHT,66,
2026-09-06,05:16,LIGHT,66,
2026-09-06,05:17,LIGHT,65,
2026-09-06,05:18,LIGHT,68,
2026-09-06,05:19,LIGHT,73,
2026-09-06,05:20,LIGHT,74,
2026-09-06,05:21,LIGHT,73,
2026-09-06,05:22,LIGHT,71,
2026-09-06,05:23,LIGHT,69,
2026-09-06,05:24,LIGHT,69,
2026-09-06,05:25,LIGHT,75,
2026-09-06,05:26,LIGHT,73,
2026-09-06,05:27,LIGHT,72,
2026-09-06,05:28,LIGHT,68,
2026-09-06,05:29,LIGHT,82,
2026-09-06,05:30,LIGHT,78,
2026-09-06,05:31,LIGHT,69,
2026-09-06,05:32,LIGHT,67,
2026-09-06,05:33,REM,67,
2026-09-06,05:34,REM,67,
2026-09-06,05:35,REM,68,
2026-09-06,05:36,REM,68,
2026-09-06,05:37,REM,68,
2026-09-06,05:38,REM,66,
2026-09-06,05:39,REM,66,
2026-09-06,05:40,REM,66,
2026-09-06,05:41,REM,66,
2026-09-06,05:42,REM,66,
2026-09-06,05:43,REM,66,
2026-09-06,05:44,REM,66,
2026-09-06,05:45,REM,65,
2026-09-06,05:46,REM,63,
2026-09-06,05:47,REM,63,
2026-09-06,05:48,REM,64,
2026-09-06,05:49,REM,64,
2026-09-06,05:50,REM,64,
2026-09-06,05:51,REM,64,
2026-09-06,05:52,REM,64,
2026-09-06,05:53,REM,65,
2026-09-06,05:54,LIGHT,66,
2026-09-06,05:55,LIGHT,71,
2026-09-06,05:56,LIGHT,71,
2026-09-06,05:57,LIGHT,68,
2026-09-06,05:58,LIGHT,69,
2026-09-06,23:18,LIGHT,,
2026-09-06,23:19,LIGHT,,
2026-09-06,23:20,LIGHT,99,
2026-09-06,23:21,LIGHT,,
2026-09-06,23:22,LIGHT,,
2026-09-06,23:23,LIGHT,,
2026-09-06,23:24,LIGHT,,
2026-09-06,23:25,LIGHT,100,
2026-09-06,23:26,LIGHT,,
2026-09-06,23:27,LIGHT,,
2026-09-06,23:28,LIGHT,,
2026-09-06,23:29,LIGHT,,
2026-09-06,23:30,DEEP,101,
2026-09-06,23:31,DEEP,,
2026-09-06,23:32,DEEP,,
2026-09-06,23:33,DEEP,,
2026-09-06,23:34,DEEP,,
2026-09-06,23:35,DEEP,100,
2026-09-06,23:36,DEEP,,
2026-09-06,23:37,DEEP,,
2026-09-06,23:38,DEEP,,
2026-09-06,23:39,DEEP,,
2026-09-06,23:40,DEEP,99,
2026-09-06,23:41,DEEP,100,
2026-09-06,23:42,DEEP,,
2026-09-06,23:43,DEEP,,
2026-09-06,23:44,DEEP,,
2026-09-06,23:45,DEEP,100,
2026-09-06,23:46,DEEP,,
2026-09-06,23:47,DEEP,,
2026-09-06,23:48,DEEP,,
2026-09-06,23:49,LIGHT,,
2026-09-06,23:50,LIGHT,98,
2026-09-06,23:51,LIGHT,,
2026-09-06,23:52,LIGHT,,
2026-09-06,23:53,DEEP,,
2026-09-06,23:54,DEEP,,
2026-09-06,23:55,DEEP,92,
2026-09-06,23:56,DEEP,,
2026-09-06,23:57,DEEP,,
2026-09-06,23:58,DEEP,,
2026-09-06,23:59,DEEP,,
2026-09-07,00:00,DEEP,86,
2026-09-07,00:01,DEEP,,
2026-09-07,00:02,DEEP,,
2026-09-07,00:03,DEEP,,
2026-09-07,00:04,LIGHT,,
2026-09-07,00:05,LIGHT,86,
2026-09-07,00:06,LIGHT,,
2026-09-07,00:07,LIGHT,,
2026-09-07,00:08,LIGHT,,
2026-09-07,00:09,LIGHT,,
2026-09-07,00:10,LIGHT,90,
2026-09-07,00:11,LIGHT,,
2026-09-07,00:12,LIGHT,,
2026-09-07,00:13,LIGHT,,
2026-09-07,00:14,LIGHT,,
2026-09-07,00:15,LIGHT,95,
2026-09-07,00:16,LIGHT,,
2026-09-07,00:17,LIGHT,,
2026-09-07,00:18,DEEP,,
2026-09-07,00:19,DEEP,102,
2026-09-07,00:20,DEEP,103,
2026-09-07,00:21,DEEP,,
2026-09-07,00:22,DEEP,,
2026-09-07,00:23,DEEP,,
2026-09-07,00:24,DEEP,,
2026-09-07,00:25,DEEP,100,
2026-09-07,00:26,DEEP,,
2026-09-07,00:27,DEEP,,
2026-09-07,00:28,DEEP,,
2026-09-07,00:29,DEEP,,
2026-09-07,00:30,DEEP,96,
2026-09-07,00:31,DEEP,,
2026-09-07,00:32,DEEP,,
2026-09-07,00:33,DEEP,,
2026-09-07,00:34,DEEP,,
2026-09-07,00:35,DEEP,93,
2026-09-07,00:36,DEEP,,
2026-09-07,00:37,LIGHT,,
2026-09-07,00:38,LIGHT,,
2026-09-07,00:39,LIGHT,,
2026-09-07,00:40,LIGHT,90,
2026-09-07,00:41,LIGHT,,
2026-09-07,00:42,LIGHT,,
2026-09-07,00:43,LIGHT,,
2026-09-07,00:44,LIGHT,,
2026-09-07,00:45,LIGHT,87,
2026-09-07,00:46,LIGHT,,
2026-09-07,00:47,DEEP,,
2026-09-07,00:48,DEEP,,
2026-09-07,00:49,DEEP,,
2026-09-07,00:50,DEEP,83,
2026-09-07,00:51,LIGHT,,
2026-09-07,00:52,LIGHT,,
2026-09-07,00:53,LIGHT,,
2026-09-07,00:54,LIGHT,,
2026-09-07,00:55,LIGHT,83,
2026-09-07,00:56,LIGHT,,
2026-09-07,00:57,LIGHT,,
2026-09-07,00:58,LIGHT,,
2026-09-07,00:59,REM,,
2026-09-07,01:00,REM,84,
2026-09-07,01:01,REM,,
2026-09-07,01:02,REM,,
2026-09-07,01:03,REM,,
2026-09-07,01:04,REM,,
2026-09-07,01:05,REM,86,
2026-09-07,01:06,REM,,
2026-09-07,01:07,REM,,
2026-09-07,01:08,REM,,
2026-09-07,01:09,REM,,
2026-09-07,01:10,REM,89,
2026-09-07,01:11,REM,,
2026-09-07,01:12,REM,,
2026-09-07,01:13,REM,,
2026-09-07,01:14,REM,,
2026-09-07,01:15,REM,91,
2026-09-07,01:16,REM,,
2026-09-07,01:17,REM,,
2026-09-07,01:18,REM,,
2026-09-07,01:19,REM,,
2026-09-07,01:20,REM,92,
2026-09-07,01:21,REM,,
2026-09-07,01:22,REM,,
2026-09-07,01:23,REM,,
2026-09-07,01:24,REM,,
2026-09-07,01:25,LIGHT,91,
2026-09-07,01:26,LIGHT,,
2026-09-07,01:27,LIGHT,,
2026-09-07,01:28,LIGHT,,
2026-09-07,01:29,LIGHT,,
2026-09-07,01:30,LIGHT,85,
2026-09-07,01:31,LIGHT,,
2026-09-07,01:32,LIGHT,,
2026-09-07,01:33,LIGHT,,
2026-09-07,01:34,LIGHT,,
2026-09-07,01:35,LIGHT,74,
2026-09-07,01:36,LIGHT,69,
2026-09-07,01:37,LIGHT,68,
2026-09-07,01:38,LIGHT,65,
2026-09-07,01:39,LIGHT,63,
2026-09-07,01:40,LIGHT,63,
2026-09-07,01:41,LIGHT,65,
2026-09-07,01:42,LIGHT,65,
2026-09-07,01:43,LIGHT,65,
2026-09-07,01:44,LIGHT,65,
2026-09-07,01:45,LIGHT,66,
2026-09-07,01:46,LIGHT,66,
2026-09-07,01:47,DEEP,65,
2026-09-07,01:48,DEEP,65,
2026-09-07,01:49,DEEP,65,
2026-09-07,01:50,DEEP,66,
2026-09-07,01:51,LIGHT,66,
2026-09-07,01:52,LIGHT,69,
2026-09-07,01:53,LIGHT,69,
2026-09-07,01:54,LIGHT,67,
2026-09-07,01:55,LIGHT,62,
2026-09-07,01:56,LIGHT,60,
2026-09-07,01:57,LIGHT,60,
2026-09-07,01:58,LIGHT,60,
2026-09-07,01:59,LIGHT,61,
2026-09-07,02:00,LIGHT,62,
2026-09-07,02:01,LIGHT,62,
2026-09-07,02:02,LIGHT,63,
2026-09-07,02:03,LIGHT,63,
2026-09-07,02:04,LIGHT,63,
2026-09-07,02:05,LIGHT,63,
2026-09-07,02:06,LIGHT,62,
2026-09-07,02:07,LIGHT,62,
2026-09-07,02:08,LIGHT,62,
2026-09-07,02:09,LIGHT,62,
2026-09-07,02:10,LIGHT,62,
2026-09-07,02:11,LIGHT,62,
2026-09-07,02:12,LIGHT,62,
2026-09-07,02:13,LIGHT,62,
2026-09-07,02:14,DEEP,61,
2026-09-07,02:15,DEEP,61,
2026-09-07,02:16,LIGHT,61,
2026-09-07,02:17,LIGHT,61,
2026-09-07,02:18,LIGHT,61,
2026-09-07,02:19,LIGHT,61,
2026-09-07,02:20,LIGHT,61,
2026-09-07,02:21,LIGHT,61,
2026-09-07,02:22,LIGHT,59,
2026-09-07,02:23,LIGHT,59,
2026-09-07,02:24,LIGHT,59,
2026-09-07,02:25,WAKE,59,
2026-09-07,02:26,WAKE,59,
2026-09-07,02:27,WAKE,65,
2026-09-07,02:28,WAKE,70,
2026-09-07,02:29,LIGHT,67,
2026-09-07,02:30,LIGHT,64,
2026-09-07,02:31,LIGHT,64,
2026-09-07,02:32,LIGHT,67,
2026-09-07,02:33,LIGHT,66,
2026-09-07,02:34,LIGHT,66,
2026-09-07,02:35,LIGHT,68,
2026-09-07,02:36,LIGHT,73,
2026-09-07,02:37,LIGHT,73,
2026-09-07,02:38,LIGHT,76,
2026-09-07,02:39,LIGHT,74,
2026-09-07,02:40,LIGHT,70,
2026-09-07,02:41,LIGHT,70,
2026-09-07,02:42,LIGHT,71,
2026-09-07,02:43,LIGHT,76,
2026-09-07,02:44,LIGHT,70,
2026-09-07,02:45,LIGHT,67,
2026-09-07,02:46,LIGHT,61,
2026-09-07,02:47,LIGHT,62,
2026-09-07,02:48,LIGHT,66,
2026-09-07,02:49,LIGHT,68,
2026-09-07,02:50,LIGHT,67,
2026-09-07,02:51,LIGHT,69,
2026-09-07,02:52,REM,77,
2026-09-07,02:53,REM,84,
2026-09-07,02:54,REM,82,
2026-09-07,02:55,REM,74,
2026-09-07,02:56,REM,70,
2026-09-07,02:57,REM,66,
2026-09-07,02:58,REM,66,
2026-09-07,02:59,REM,73,
2026-09-07,03:00,REM,75,
2026-09-07,03:01,REM,75,
2026-09-07,03:02,REM,71,
2026-09-07,03:03,REM,65,
2026-09-07,03:04,REM,64,
2026-09-07,03:05,REM,64,
2026-09-07,03:06,REM,61,
2026-09-07,03:07,REM,58,
2026-09-07,03:08,REM,56,
2026-09-07,03:09,REM,68,
2026-09-07,03:10,REM,69,
2026-09-07,03:11,REM,68,
2026-09-07,03:12,REM,67,
2026-09-07,03:13,REM,67,
2026-09-07,03:14,REM,69,
2026-09-07,03:15,REM,68,
2026-09-07,03:16,REM,68,
2026-09-07,03:17,REM,65,
2026-09-07,03:18,REM,63,
2026-09-07,03:19,REM,63,
2026-09-07,03:20,REM,63,
2026-09-07,03:21,REM,63,
2026-09-07,03:22,REM,64,
2026-09-07,03:23,REM,64,
2026-09-07,03:24,REM,64,
2026-09-07,03:25,REM,66,
2026-09-07,03:26,REM,66,
2026-09-07,03:27,REM,65,
2026-09-07,03:28,REM,64,
2026-09-07,03:29,REM,64,
2026-09-07,03:30,REM,66,
2026-09-07,03:31,REM,65,
2026-09-07,03:32,REM,64,
2026-09-07,03:33,REM,64,
2026-09-07,03:34,LIGHT,65,
2026-09-07,03:35,LIGHT,66,
2026-09-07,03:36,LIGHT,66,
2026-09-07,03:37,LIGHT,66,
2026-09-07,03:38,LIGHT,65,
2026-09-07,03:39,LIGHT,65,
2026-09-07,03:40,LIGHT,65,
2026-09-07,03:41,LIGHT,65,
2026-09-07,03:42,LIGHT,64,
2026-09-07,03:43,LIGHT,64,
2026-09-07,03:44,LIGHT,64,
2026-09-07,03:45,LIGHT,65,
2026-09-07,03:46,LIGHT,65,
2026-09-07,03:47,LIGHT,64,
2026-09-07,03:48,LIGHT,64,
2026-09-07,03:49,LIGHT,64,
2026-09-07,03:50,LIGHT,66,
2026-09-07,03:51,LIGHT,71,
2026-09-07,03:52,LIGHT,69,
2026-09-07,03:53,LIGHT,66,
2026-09-07,03:54,LIGHT,63,
2026-09-07,03:55,LIGHT,63,
2026-09-07,03:56,LIGHT,62,
2026-09-07,03:57,LIGHT,63,
2026-09-07,03:58,DEEP,63,
2026-09-07,03:59,DEEP,62,
2026-09-07,04:00,DEEP,63,
2026-09-07,04:01,DEEP,63,
2026-09-07,04:02,DEEP,63,
2026-09-07,04:03,DEEP,68,
2026-09-07,04:04,DEEP,64,
2026-09-07,04:05,DEEP,62,
2026-09-07,04:06,DEEP,61,
2026-09-07,04:07,DEEP,60,
2026-09-07,04:08,DEEP,61,
2026-09-07,04:09,DEEP,66,
2026-09-07,04:10,LIGHT,68,
2026-09-07,04:11,LIGHT,65,
2026-09-07,04:12,LIGHT,63,
2026-09-07,04:13,WAKE,63,
2026-09-07,04:14,LIGHT,66,
2026-09-07,04:15,LIGHT,71,
2026-09-07,04:16,LIGHT,71,
2026-09-07,04:17,LIGHT,65,
2026-09-07,04:18,LIGHT,62,
2026-09-07,04:19,LIGHT,61,
2026-09-07,04:20,LIGHT,63,
2026-09-07,04:21,LIGHT,63,
2026-09-07,04:22,LIGHT,65,
2026-09-07,04:23,LIGHT,67,
2026-09-07,04:24,LIGHT,67,
2026-09-07,04:25,LIGHT,77,
2026-09-07,04:26,LIGHT,75,
2026-09-07,04:27,LIGHT,74,
2026-09-07,04:28,LIGHT,73,
2026-09-07,04:29,LIGHT,73,
2026-09-07,04:30,LIGHT,75,
2026-09-07,04:31,LIGHT,74,
2026-09-07,04:32,LIGHT,72,
2026-09-07,04:33,LIGHT,68,
2026-09-07,04:34,LIGHT,64,
2026-09-07,04:35,LIGHT,62,
2026-09-07,04:36,LIGHT,64,
2026-09-07,04:37,LIGHT,64,
2026-09-07,04:38,LIGHT,66,
2026-09-07,04:39,LIGHT,66,
2026-09-07,04:40,LIGHT,68,
2026-09-07,04:41,LIGHT,77,
2026-09-07,04:42,LIGHT,76,
2026-09-07,04:43,DEEP,73,
2026-09-07,04:44,DEEP,71,
2026-09-07,04:45,LIGHT,69,
2026-09-07,04:46,LIGHT,68,
2026-09-07,04:47,LIGHT,69,
2026-09-07,04:48,LIGHT,66,
2026-09-07,04:49,LIGHT,65,
2026-09-07,04:50,LIGHT,64,
2026-09-07,04:51,LIGHT,65,
2026-09-07,04:52,LIGHT,66,
2026-09-07,04:53,REM,66,
2026-09-07,04:54,REM,66,
2026-09-07,04:55,REM,66,
2026-09-07,04:56,REM,66,
2026-09-07,04:57,REM,67,
2026-09-07,04:58,REM,67,
2026-09-07,04:59,REM,66,
2026-09-07,05:00,REM,66,
2026-09-07,05:01,REM,66,
2026-09-07,05:02,REM,66,
2026-09-07,05:03,REM,66,
2026-09-07,05:04,REM,66,
2026-09-07,05:05,REM,66,
2026-09-07,05:06,REM,76,
2026-09-07,05:07,REM,76,
2026-09-07,05:08,REM,72,
2026-09-07,05:09,REM,79,
2026-09-07,05:10,REM,80,
2026-09-07,05:11,REM,74,
2026-09-07,05:12,REM,80,
2026-09-07,05:13,REM,82,
2026-09-07,05:14,REM,79,
2026-09-07,05:15,REM,72,
2026-09-07,05:16,REM,69,
2026-09-07,05:17,REM,67,
2026-09-07,05:18,REM,67,
2026-09-07,05:19,REM,66,
2026-09-07,05:20,REM,66,
2026-09-07,05:21,REM,66,
2026-09-07,05:22,REM,66,
2026-09-07,05:23,REM,66,
2026-09-07,05:24,REM,66,
2026-09-07,05:25,REM,68,
2026-09-07,05:26,LIGHT,67,
2026-09-07,05:27,LIGHT,67,
2026-09-07,05:28,LIGHT,68,
2026-09-07,05:29,LIGHT,70,
2026-09-07,05:30,LIGHT,71,
2026-09-07,05:31,LIGHT,72,
2026-09-07,05:32,LIGHT,72,
2026-09-07,05:33,LIGHT,70,
2026-09-07,05:34,LIGHT,69,
2026-09-07,05:35,LIGHT,69,
2026-09-07,05:36,LIGHT,69,
2026-09-07,05:37,LIGHT,69,
2026-09-07,05:38,LIGHT,69,
2026-09-07,05:39,LIGHT,69,
2026-09-07,05:40,LIGHT,69,
2026-09-07,05:41,LIGHT,67,
2026-09-07,05:42,LIGHT,70,
2026-09-07,05:43,LIGHT,67,
2026-09-07,05:44,DEEP,68,
2026-09-07,05:45,DEEP,77,
2026-09-07,05:46,DEEP,82,
2026-09-07,05:47,DEEP,78,
2026-09-07,05:48,DEEP,73,
2026-09-07,05:49,DEEP,71,
2026-09-07,05:50,DEEP,74,
2026-09-07,05:51,DEEP,72,
2026-09-07,05:52,DEEP,69,
2026-09-07,05:53,DEEP,65,
2026-09-07,05:54,DEEP,65,
2026-09-07,05:55,DEEP,63,
2026-09-07,05:56,LIGHT,68,
2026-09-07,05:57,LIGHT,69,
2026-09-07,05:58,LIGHT,71,
2026-09-07,05:59,LIGHT,71,
2026-09-07,06:00,WAKE,68,
2026-09-07,06:01,WAKE,69,
2026-09-07,06:02,LIGHT,66,
2026-09-07,06:03,LIGHT,60,
2026-09-07,06:04,LIGHT,62,
2026-09-07,06:05,LIGHT,63,
2026-09-07,06:06,LIGHT,73,
2026-09-07,06:07,LIGHT,71,
2026-09-07,06:08,LIGHT,74,
2026-09-07,06:09,LIGHT,72,
2026-09-07,06:10,LIGHT,66,
2026-09-07,06:11,LIGHT,62,
2026-09-07,06:12,LIGHT,61,
2026-09-07,06:13,LIGHT,60,
2026-09-07,06:14,LIGHT,61,
2026-09-07,06:15,LIGHT,60,
2026-09-07,06:16,LIGHT,59,
2026-09-07,06:17,LIGHT,64,
2026-09-07,06:18,LIGHT,64,
2026-09-07,06:19,LIGHT,66,
2026-09-07,06:20,LIGHT,66,
2026-09-07,06:21,LIGHT,67,
2026-09-07,06:22,LIGHT,67,
2026-09-07,06:23,LIGHT,66,
2026-09-07,06:24,LIGHT,66,
2026-09-07,06:25,LIGHT,64,
2026-09-07,06:26,LIGHT,63,
2026-09-07,06:27,LIGHT,63,
2026-09-07,06:28,LIGHT,66,
2026-09-07,06:29,LIGHT,64,
2026-09-07,06:30,LIGHT,69,
2026-09-07,06:31,LIGHT,71,
2026-09-07,06:32,LIGHT,72,
2026-09-07,06:33,LIGHT,72,
2026-09-07,06:34,LIGHT,72,
2026-09-07,06:35,LIGHT,72,
2026-09-07,06:36,LIGHT,71,
2026-09-07,06:37,LIGHT,70,
2026-09-07,06:38,LIGHT,67,
2026-09-07,06:39,LIGHT,67,
2026-09-07,06:40,LIGHT,67,
2026-09-07,06:41,LIGHT,67,
2026-09-07,06:42,LIGHT,67,
2026-09-07,06:43,LIGHT,67,
2026-09-07,06:44,LIGHT,67,
2026-09-07,06:45,LIGHT,67,
2026-09-07,06:46,LIGHT,67,
2026-09-07,06:47,LIGHT,67,
2026-09-07,06:48,LIGHT,68,
2026-09-07,06:49,LIGHT,67,
2026-09-08,01:37,LIGHT,,
2026-09-08,01:38,LIGHT,,
2026-09-08,01:39,LIGHT,,
2026-09-08,01:40,LIGHT,,
2026-09-08,01:41,LIGHT,,
2026-09-08,01:42,LIGHT,,
2026-09-08,01:43,LIGHT,,
2026-09-08,01:44,LIGHT,,
2026-09-08,01:45,LIGHT,,
2026-09-08,01:46,LIGHT,,
2026-09-08,01:47,LIGHT,,
2026-09-08,01:48,LIGHT,,
2026-09-08,01:49,LIGHT,,
2026-09-08,01:50,DEEP,,
2026-09-08,01:51,DEEP,,
2026-09-08,01:52,LIGHT,,
2026-09-08,01:53,LIGHT,,
2026-09-08,01:54,LIGHT,,
2026-09-08,01:55,LIGHT,,
2026-09-08,01:56,LIGHT,,
2026-09-08,01:57,LIGHT,,
2026-09-08,01:58,LIGHT,,
2026-09-08,01:59,LIGHT,,
2026-09-08,02:00,LIGHT,,
2026-09-08,02:01,LIGHT,,
2026-09-08,02:02,DEEP,,
2026-09-08,02:03,DEEP,,
2026-09-08,02:04,DEEP,,
2026-09-08,02:05,DEEP,,
2026-09-08,02:06,DEEP,,
2026-09-08,02:07,LIGHT,,
2026-09-08,02:08,LIGHT,,
2026-09-08,02:09,LIGHT,,
2026-09-08,02:10,LIGHT,,
2026-09-08,02:11,LIGHT,,
2026-09-08,02:12,LIGHT,,
2026-09-08,02:13,LIGHT,,
2026-09-08,02:14,LIGHT,,
2026-09-08,02:15,LIGHT,,
2026-09-08,02:16,LIGHT,,
2026-09-08,02:17,DEEP,,
2026-09-08,02:18,DEEP,,
2026-09-08,02:19,DEEP,,
2026-09-08,02:20,DEEP,,
2026-09-08,02:21,DEEP,,
2026-09-08,02:22,LIGHT,,
2026-09-08,02:23,LIGHT,,
2026-09-08,02:24,LIGHT,,
2026-09-08,02:25,LIGHT,,
2026-09-08,02:26,LIGHT,,
2026-09-08,02:27,LIGHT,,
2026-09-08,02:28,LIGHT,,
2026-09-08,02:29,LIGHT,,
2026-09-08,02:30,LIGHT,,
2026-09-08,02:31,LIGHT,,
2026-09-08,02:32,LIGHT,,
2026-09-08,02:33,REM,,
2026-09-08,02:34,REM,,
2026-09-08,02:35,REM,,
2026-09-08,02:36,REM,,
2026-09-08,02:37,REM,,
2026-09-08,02:38,REM,,
2026-09-08,02:39,REM,,
2026-09-08,02:40,REM,,
2026-09-08,02:41,REM,,
2026-09-08,02:42,REM,,
2026-09-08,02:43,REM,,
2026-09-08,02:44,REM,,
2026-09-08,02:45,REM,,
2026-09-08,02:46,REM,,
2026-09-08,02:47,REM,,
2026-09-08,02:48,REM,,
2026-09-08,02:49,REM,,
2026-09-08,02:50,REM,,
2026-09-08,02:51,REM,,
2026-09-08,02:52,REM,,
2026-09-08,02:53,REM,,
2026-09-08,02:54,REM,,
2026-09-08,02:55,REM,,
2026-09-08,02:56,REM,,
2026-09-08,02:57,REM,,
2026-09-08,02:58,REM,,
2026-09-08,02:59,REM,,
2026-09-08,03:00,REM,,
2026-09-08,03:01,REM,,
2026-09-08,03:02,REM,,
2026-09-08,03:03,REM,,
2026-09-08,03:04,REM,,
2026-09-08,03:05,REM,,
2026-09-08,03:06,REM,,
2026-09-08,03:07,REM,,
2026-09-08,03:08,REM,,
2026-09-08,03:09,REM,,
2026-09-08,03:10,REM,,
2026-09-08,03:11,REM,,
2026-09-08,03:12,REM,,
2026-09-08,03:13,REM,,
2026-09-08,03:14,REM,,
2026-09-08,03:15,REM,,
2026-09-08,03:16,REM,,
2026-09-08,03:17,LIGHT,,
2026-09-08,03:18,LIGHT,,
2026-09-08,03:19,LIGHT,,
2026-09-08,03:20,LIGHT,,
2026-09-08,03:21,LIGHT,,
2026-09-08,03:22,LIGHT,,
2026-09-08,03:23,LIGHT,,
2026-09-08,03:24,LIGHT,,
2026-09-08,03:25,LIGHT,,
2026-09-08,03:26,LIGHT,,
2026-09-08,03:27,LIGHT,,
2026-09-08,03:28,LIGHT,,
2026-09-08,03:29,LIGHT,,
2026-09-08,03:30,LIGHT,,
2026-09-08,03:31,LIGHT,,
2026-09-08,03:32,LIGHT,,
2026-09-08,03:33,LIGHT,,
2026-09-08,03:34,LIGHT,,
2026-09-08,03:35,LIGHT,,
2026-09-08,03:36,LIGHT,,
2026-09-08,03:37,LIGHT,,
2026-09-08,03:38,DEEP,,
2026-09-08,03:39,DEEP,,
2026-09-08,03:40,DEEP,,
2026-09-08,03:41,DEEP,,
2026-09-08,03:42,DEEP,,
2026-09-08,03:43,DEEP,,
2026-09-08,03:44,DEEP,,
2026-09-08,03:45,DEEP,,
2026-09-08,03:46,DEEP,,
2026-09-08,03:47,DEEP,,
2026-09-08,03:48,DEEP,,
2026-09-08,03:49,DEEP,,
2026-09-08,03:50,DEEP,,
2026-09-08,03:51,LIGHT,,
2026-09-08,03:52,LIGHT,,
2026-09-08,03:53,LIGHT,,
2026-09-08,03:54,LIGHT,,
2026-09-08,03:55,LIGHT,,
2026-09-08,03:56,LIGHT,,
2026-09-08,03:57,LIGHT,,
2026-09-08,03:58,LIGHT,,
2026-09-08,03:59,LIGHT,,
2026-09-08,04:00,LIGHT,,
2026-09-08,04:01,LIGHT,,
2026-09-08,04:02,LIGHT,,
2026-09-08,04:03,LIGHT,,
2026-09-08,04:04,LIGHT,,
2026-09-08,04:05,LIGHT,,
2026-09-08,04:06,LIGHT,,
2026-09-08,04:07,LIGHT,,
2026-09-08,04:08,LIGHT,,
2026-09-08,04:09,LIGHT,,
2026-09-08,04:10,LIGHT,,
2026-09-08,04:11,LIGHT,,
2026-09-08,04:12,LIGHT,,
2026-09-08,04:13,LIGHT,,
2026-09-08,04:14,LIGHT,,
2026-09-08,04:15,LIGHT,,
2026-09-08,04:16,LIGHT,,
2026-09-08,04:17,LIGHT,,
2026-09-08,04:18,LIGHT,,
2026-09-08,04:19,REM,,
2026-09-08,04:20,REM,,
2026-09-08,04:21,REM,,
2026-09-08,04:22,REM,,
2026-09-08,04:23,REM,,
2026-09-08,04:24,REM,,
2026-09-08,04:25,REM,,
2026-09-08,04:26,REM,,
2026-09-08,04:27,REM,,
2026-09-08,04:28,REM,,
2026-09-08,04:29,REM,,
2026-09-08,04:30,REM,,
2026-09-08,04:31,REM,,
2026-09-08,04:32,REM,,
2026-09-08,04:33,REM,,
2026-09-08,04:34,REM,,
2026-09-08,04:35,REM,,
2026-09-08,04:36,REM,,
2026-09-08,04:37,REM,,
2026-09-08,04:38,REM,,
2026-09-08,04:39,REM,,
2026-09-08,04:40,REM,,
2026-09-08,04:41,REM,,
2026-09-08,04:42,LIGHT,,
2026-09-08,04:43,LIGHT,,
2026-09-08,04:44,LIGHT,,
2026-09-08,04:45,LIGHT,,
2026-09-08,04:46,LIGHT,,
2026-09-08,04:47,LIGHT,,
2026-09-08,04:48,LIGHT,,
2026-09-08,04:49,LIGHT,,
2026-09-08,04:50,LIGHT,,
2026-09-08,04:51,LIGHT,,
2026-09-08,04:52,LIGHT,,
2026-09-08,04:53,LIGHT,,
2026-09-08,04:54,LIGHT,,
2026-09-08,04:55,LIGHT,,
2026-09-08,04:56,LIGHT,,
2026-09-08,04:57,LIGHT,,
2026-09-08,04:58,LIGHT,,
2026-09-08,04:59,LIGHT,,
2026-09-08,05:00,LIGHT,,
2026-09-08,05:01,LIGHT,,
2026-09-08,05:02,DEEP,,
2026-09-08,05:03,DEEP,,
2026-09-08,05:04,DEEP,,
2026-09-08,05:05,DEEP,,
2026-09-08,05:06,LIGHT,,
2026-09-08,05:07,LIGHT,,
2026-09-08,05:08,LIGHT,,
2026-09-08,05:09,LIGHT,,
2026-09-08,05:10,LIGHT,,
2026-09-08,05:11,LIGHT,,
2026-09-08,05:12,LIGHT,,
2026-09-08,05:13,WAKE,,
2026-09-08,05:14,LIGHT,,
2026-09-08,05:15,LIGHT,,
2026-09-08,05:16,LIGHT,,
2026-09-08,05:17,LIGHT,,
2026-09-08,05:18,LIGHT,,
2026-09-08,05:19,LIGHT,,
2026-09-08,05:20,LIGHT,,
2026-09-08,05:21,LIGHT,,
2026-09-08,05:22,LIGHT,,
2026-09-08,05:23,LIGHT,,
2026-09-08,05:24,LIGHT,,
2026-09-08,05:25,LIGHT,,
2026-09-08,05:26,LIGHT,,
2026-09-08,05:27,LIGHT,,
2026-09-08,05:28,LIGHT,,
2026-09-08,05:29,LIGHT,,
2026-09-08,05:30,LIGHT,,
2026-09-08,05:31,LIGHT,,
2026-09-08,05:32,LIGHT,,
2026-09-08,05:33,LIGHT,,
2026-09-08,05:34,LIGHT,,
2026-09-08,05:35,LIGHT,,
2026-09-08,05:36,LIGHT,,
2026-09-08,05:37,LIGHT,,
2026-09-08,05:38,LIGHT,,
2026-09-08,05:39,LIGHT,,
2026-09-08,05:40,LIGHT,,
2026-09-08,05:41,LIGHT,,
2026-09-08,05:42,LIGHT,,
2026-09-08,05:43,LIGHT,,
2026-09-08,05:44,LIGHT,,
2026-09-08,05:45,LIGHT,,
2026-09-08,05:46,WAKE,,
2026-09-08,05:47,LIGHT,,
2026-09-08,05:48,LIGHT,,
2026-09-08,05:49,LIGHT,,
2026-09-08,05:50,LIGHT,,
2026-09-08,05:51,LIGHT,,
2026-09-08,05:52,LIGHT,,
2026-09-08,05:53,LIGHT,,
2026-09-08,05:54,LIGHT,,
2026-09-08,05:55,LIGHT,,
2026-09-08,05:56,LIGHT,,
2026-09-08,05:57,LIGHT,,
2026-09-08,05:58,LIGHT,,
2026-09-08,05:59,LIGHT,,
2026-09-08,06:00,LIGHT,,
2026-09-08,06:01,LIGHT,,
2026-09-08,06:02,LIGHT,,
2026-09-08,06:03,LIGHT,,
2026-09-08,06:04,LIGHT,,
2026-09-08,06:05,LIGHT,,
2026-09-08,06:06,LIGHT,,
2026-09-08,06:07,WAKE,,
2026-09-08,06:08,LIGHT,,
2026-09-08,06:09,LIGHT,,
2026-09-08,06:10,LIGHT,,
2026-09-08,06:11,REM,,
2026-09-08,06:12,REM,,
2026-09-08,06:13,REM,,
2026-09-08,06:14,REM,,
2026-09-08,06:15,REM,,
2026-09-08,06:16,REM,,
2026-09-08,06:17,REM,,
2026-09-08,06:18,REM,,
2026-09-08,06:19,REM,,
2026-09-08,06:20,REM,,
2026-09-08,06:21,REM,,
2026-09-08,06:22,REM,,
2026-09-08,06:23,REM,,
2026-09-08,06:24,REM,,
2026-09-08,06:25,REM,,
2026-09-08,06:26,REM,,
2026-09-08,06:27,REM,,
2026-09-08,06:28,REM,,
2026-09-08,06:29,REM,,
2026-09-08,06:30,REM,,
2026-09-08,06:31,REM,,
2026-09-08,06:32,REM,,
2026-09-08,06:33,REM,,
2026-09-08,06:34,REM,,
2026-09-08,06:35,REM,,
2026-09-08,06:36,LIGHT,,
2026-09-08,06:37,LIGHT,,
2026-09-08,06:38,LIGHT,,
2026-09-08,06:39,LIGHT,,
2026-09-08,06:40,LIGHT,,
2026-09-08,06:41,LIGHT,,
2026-09-08,06:42,LIGHT,,
2026-09-08,06:43,LIGHT,,
2026-09-08,06:44,LIGHT,,
2026-09-08,06:45,LIGHT,,
2026-09-08,06:46,LIGHT,,
2026-09-08,06:47,LIGHT,,
2026-09-08,06:48,LIGHT,,
2026-09-08,06:49,LIGHT,,
2026-09-08,06:50,LIGHT,,
2026-09-08,06:51,LIGHT,,
2026-09-08,06:52,LIGHT,,
2026-09-10,12:36,LIGHT,,
2026-09-10,12:37,LIGHT,,
2026-09-10,12:38,LIGHT,,
2026-09-10,12:39,LIGHT,,
2026-09-10,12:40,LIGHT,,
2026-09-10,12:41,LIGHT,,
2026-09-10,12:42,LIGHT,,
2026-09-10,12:43,LIGHT,,
2026-09-10,12:44,LIGHT,,
2026-09-10,12:45,LIGHT,,
2026-09-10,12:46,LIGHT,,
2026-09-10,12:47,LIGHT,,
2026-09-10,12:48,LIGHT,,
2026-09-10,12:49,LIGHT,,
2026-09-10,12:50,DEEP,,
2026-09-10,12:51,DEEP,,
2026-09-10,12:52,DEEP,,
2026-09-10,12:53,DEEP,,
2026-09-10,12:54,DEEP,,
2026-09-10,12:55,DEEP,,
2026-09-10,12:56,DEEP,,
2026-09-10,12:57,DEEP,,
2026-09-10,12:58,DEEP,,
2026-09-10,12:59,DEEP,,
2026-09-10,13:00,DEEP,,
2026-09-10,13:01,DEEP,,
2026-09-10,13:02,DEEP,,
2026-09-10,13:03,DEEP,,
2026-09-10,13:04,DEEP,,
2026-09-10,13:05,DEEP,,
2026-09-10,13:06,DEEP,,
2026-09-10,13:07,DEEP,,
2026-09-10,13:08,LIGHT,,
2026-09-10,13:09,LIGHT,,
2026-09-10,13:10,LIGHT,,
2026-09-10,13:11,WAKE,,
2026-09-10,13:12,LIGHT,,
2026-09-10,13:13,LIGHT,,
2026-09-10,13:14,LIGHT,,
2026-09-10,13:15,LIGHT,,
2026-09-10,13:16,LIGHT,,
2026-09-10,13:17,LIGHT,,
2026-09-10,13:18,LIGHT,,
2026-09-10,13:19,LIGHT,,
2026-09-10,13:20,LIGHT,,
2026-09-10,13:21,LIGHT,,
2026-09-10,13:22,LIGHT,,
2026-09-10,13:23,LIGHT,,
2026-09-10,13:24,LIGHT,,
2026-09-10,13:25,REM,,
2026-09-10,13:26,REM,,
2026-09-10,13:27,REM,,
2026-09-10,13:28,REM,,
2026-09-10,13:29,REM,,
2026-09-10,13:30,REM,,
2026-09-10,13:31,REM,,
2026-09-10,13:32,REM,,
2026-09-10,13:33,REM,,
2026-09-10,13:34,REM,,
2026-09-10,13:35,REM,,
2026-09-10,13:36,REM,,
2026-09-10,13:37,REM,,
2026-09-10,13:38,REM,,
2026-09-10,13:39,REM,,
2026-09-10,13:40,REM,,
2026-09-10,13:41,REM,,
2026-09-10,13:42,REM,,
2026-09-10,13:43,REM,,
2026-09-10,13:44,REM,,
2026-09-10,13:45,REM,,
2026-09-10,13:46,REM,,
2026-09-10,13:47,REM,,
2026-09-10,13:48,REM,,
2026-09-10,13:49,REM,,
2026-09-10,13:50,REM,,
2026-09-10,13:51,REM,,
2026-09-10,13:52,REM,,
2026-09-10,13:53,REM,,
2026-09-10,13:54,REM,,
2026-09-10,13:55,REM,,
2026-09-10,13:56,LIGHT,,
2026-09-10,13:57,LIGHT,,
2026-09-10,13:58,LIGHT,,
2026-09-10,13:59,WAKE,,
2026-09-10,14:00,WAKE,,
2026-09-10,14:01,LIGHT,,
2026-09-10,14:02,LIGHT,,
2026-09-10,14:03,LIGHT,,
2026-09-10,14:04,LIGHT,,
2026-09-10,14:05,LIGHT,,
2026-09-10,14:06,LIGHT,,
2026-09-10,14:07,LIGHT,,
2026-09-10,14:08,LIGHT,,
2026-09-10,14:09,LIGHT,,
2026-09-10,14:10,LIGHT,,
2026-09-10,14:11,LIGHT,,
2026-09-10,14:12,LIGHT,,
2026-09-10,14:13,LIGHT,,
2026-09-10,14:14,LIGHT,,
2026-09-10,14:15,LIGHT,,
2026-09-10,14:16,LIGHT,,
2026-09-10,14:17,LIGHT,,
2026-09-10,14:18,LIGHT,,
2026-09-10,14:19,LIGHT,,
2026-09-10,14:20,LIGHT,,
2026-09-10,14:21,LIGHT,,
2026-09-10,14:22,LIGHT,,
2026-09-10,14:23,LIGHT,,
2026-09-10,14:24,LIGHT,,
2026-09-10,14:25,LIGHT,,
2026-09-10,14:26,LIGHT,,
2026-09-10,14:27,LIGHT,,
2026-09-10,14:28,LIGHT,,
2026-09-10,14:29,LIGHT,,
2026-09-10,14:30,LIGHT,,
2026-09-10,14:31,LIGHT,,
2026-09-10,14:32,LIGHT,,
2026-09-10,14:33,LIGHT,,
2026-09-10,14:34,DEEP,,
2026-09-10,14:35,DEEP,,
2026-09-10,14:36,DEEP,,
2026-09-10,14:37,DEEP,,
2026-09-10,14:38,DEEP,,
2026-09-10,14:39,LIGHT,,
2026-09-10,14:40,LIGHT,,
2026-09-10,14:41,LIGHT,,
2026-09-10,14:42,LIGHT,,
2026-09-10,14:43,LIGHT,,
